satici_tip,Metrekare,Oda_Sayisi,il,Ilce,Mahalle,Tarih,fiyat
Emlak-ofisinden,120.0,2+1,Usak,Merkez,Bilinmiyor,16 Mayıs  2025,2650000
Emlak-ofisinden,165.0,3+1,Osmaniye,Kadirli,Cemalpaşa,22 Mayıs  2025,2680000
Sahibinden,95.0,3+1,Van,İpekyolu,Merkez,11 Mayıs  2025,1945000
Emlak-ofisinden,150.0,3+1,Bilecik,Merkez,Bilecik,23 Mayıs  2025,2750000
Emlak-ofisinden,85.0,2+1,Bursa,Yıldırım,Emirsultan,24 Mayıs  2025,1500000
Sahibinden,95.0,2+1,Istanbul,Ümraniye,Esenşehir,24 Mayıs  2025,5350000
Sahibinden,135.0,3+1,Usak,Merkez,Bilinmiyor,04 Mayıs  2025,2150000
Emlak-ofisinden,130.0,3+1,Afyonkarahisar,Merkez,Bilinmiyor,21 Mayıs  2025,2400000
Emlak-ofisinden,155.0,3+1,Van,İpekyolu,Merkez,20 Mayıs  2025,5250000
Sahibinden,107.0,2+1,Bilecik,Merkez,Bilecik,28 Nisan  2025,3100000
Emlak-ofisinden,175.0,3+1,Diyarbakir,Yenişehir,Bilinmiyor,22 Mayıs  2025,2250000
Emlak-ofisinden,50.0,1+1,Mugla,Dalaman,Bilinmiyor,18 Mayıs  2025,2499000
Sahibinden,71.0,2+1,Samsun,Atakum,Altınkum,08 Mayıs  2025,2950000
Emlak-ofisinden,90.0,2+1,Kilis,Merkez,Kilis,28 Nisan  2025,1700000
Sahibinden,85.0,2+1,Istanbul,Başakşehir,Bahçeşehir,23 Mayıs  2025,1750000
Sahibinden,130.0,3+1,Istanbul,Bahçelievler,Siyavuşpaşa,23 Mayıs  2025,2150000
Sahibinden,250.0,4+1,Samsun,Canik,Bilinmiyor,10 Ekim  2024,9650000
Sahibinden,122.0,3+1,Aydin,Kuşadası,Bilinmiyor,11 Mayıs  2025,9500000
Emlak-ofisinden,145.0,3+1,Bilecik,Bozüyük,Bilinmiyor,13 Mayıs  2025,3490000
Emlak-ofisinden,105.0,2+1,Diyarbakir,Bağlar,Selahattineyyubi,22 Mayıs  2025,3000000
Emlak-ofisinden,130.0,3+1,Bursa,Mudanya,Bilinmiyor,24 Mayıs  2025,8480000
Emlak-ofisinden,115.0,2+1,Kilis,Merkez,Kilis,05 Mayıs  2025,2200000
Emlak-ofisinden,190.0,4+1,Osmaniye,Merkez,Köyler,15 Mayıs  2025,5000000
Emlak-ofisinden,350.0,6+1,Osmaniye,Merkez,Gebeli/Aslanlar,13 Mayıs  2025,4500000
Emlak-ofisinden,225.0,4+1,Bilecik,Merkez,Bilecik,13 Mayıs  2025,3400000
Sahibinden,145.0,3+1,Kilis,Merkez,Kilis,03 Mayıs  2025,2350000
Emlak-ofisinden,70.0,2+1,Bursa,Nilüfer,Görükle,23 Mayıs  2025,2169000
Emlak-ofisinden,170.0,3.5+1,Diyarbakir,Yenişehir,Bilinmiyor,22 Mayıs  2025,6000000
Emlak-ofisinden,240.0,4+1,Diyarbakir,Kayapınar,Bilinmiyor,24 Mayıs  2025,5195000
Sahibinden,155.0,3+1,Samsun,Vezirköprü,Bilinmiyor,18 Mayıs  2025,3350000
Sahibinden,197.0,4+1,Osmaniye,Kadirli,Cemalpaşa,19 Mayıs  2025,3100000
Emlak-ofisinden,240.0,4+1,Kilis,Merkez,Kilis,21 Mayıs  2025,2275000
Emlak-ofisinden,125.0,3+1,Artvin,Arhavi,Bilinmiyor,03 Mayıs  2025,1600000
Sahibinden,153.0,3+1,Hatay,Arsuz,Merkez,07 Mayıs  2025,4650000
Sahibinden,155.0,4+1,Osmaniye,Merkez,Gebeli/Aslanlar,25 Nisan  2025,3450000
Emlak-ofisinden,145.0,3+1,Bayburt,Merkez,Bayburt,09 Mayıs  2025,2600000
Emlak-ofisinden,135.0,3+1,Bursa,Gemlik,Bilinmiyor,24 Mayıs  2025,1150000
Emlak-ofisinden,110.0,2+1,Samsun,Atakum,Köyler,20 Mayıs  2025,3675000
Sahibinden,100.0,2+1,Aydin,Nazilli,Altıntaş,13 Mayıs  2025,3350000
Sahibinden,85.0,2+1,Istanbul,Arnavutköy,Bilinmiyor,22 Mayıs  2025,2250000
Sahibinden,110.0,2+1,Aydin,Kuşadası,Bilinmiyor,23 Mayıs  2025,4700000
Sahibinden,85.0,2+1,Istanbul,Bahçelievler,Kocasinan,24 Mayıs  2025,3340000
Sahibinden,145.0,3+1,Van,Erciş,Bilinmiyor,15 Mayıs  2025,3375000
Emlak-ofisinden,55.0,1+1,Usak,Merkez,Bilinmiyor,16 Mayıs  2025,1345000
Emlak-ofisinden,180.0,3+1,Diyarbakir,Yenişehir,Bilinmiyor,24 Mayıs  2025,3250000
Sahibinden,130.0,3+1,Samsun,Atakum,Kurupelit,12 Mayıs  2025,4450000
Emlak-ofisinden,140.0,3+1,Diyarbakir,Kayapınar,Bilinmiyor,20 Mayıs  2025,5420000
Emlak-ofisinden,165.0,3+1,Erzurum,Palandöken,Bilinmiyor,23 Mayıs  2025,3350000
Emlak-ofisinden,135.0,3+1,Bursa,Mudanya,Güzelyalı,23 Mayıs  2025,5750000
Emlak-ofisinden,120.0,3+1,Afyonkarahisar,Merkez,Bilinmiyor,24 Mayıs  2025,4450000
Sahibinden,95.0,2+1,Aydin,Kuşadası,Bilinmiyor,16 Mayıs  2025,5100000
Emlak-ofisinden,100.0,2.5+1,Diyarbakir,Kayapınar,Bilinmiyor,21 Mayıs  2025,4580000
Sahibinden,70.0,1+1,Van,İpekyolu,Merkez,24 Nisan  2025,1700000
Emlak-ofisinden,165.0,3+1,Bursa,Nilüfer,Merkez,23 Mayıs  2025,6600000
Emlak-ofisinden,220.0,4+1,Van,İpekyolu,Merkez,21 Mayıs  2025,4100000
Sahibinden,180.0,3+1,Usak,Merkez,Yenisanayi,12 Mayıs  2025,4125000
Sahibinden,160.0,3+1,Usak,Merkez,Bilinmiyor,28 Nisan  2025,2700000
Emlak-ofisinden,100.0,2+1,Mugla,Bodrum,Turgutreis,23 Mayıs  2025,11800000
Sahibinden,70.0,2+1,Mugla,Bodrum,Mumcular,29 Nisan  2025,3750000
Sahibinden,150.0,3+1,Samsun,Atakum,Atakent,14 Mayıs  2025,3925000
Sahibinden,130.0,3+1,Afyonkarahisar,Merkez,Harbiş,01 Mayıs  2025,3000000
Sahibinden,180.0,4+1,Osmaniye,Merkez,Köyler,20 Mayıs  2025,5385000
Emlak-ofisinden,100.0,2+1,Bursa,Yıldırım,Bilinmiyor,24 Mayıs  2025,1855000
Sahibinden,90.0,2+1,Istanbul,Ümraniye,Esenevler,24 Mayıs  2025,11500000
Emlak-ofisinden,125.0,2+1,Usak,Merkez,Bilinmiyor,13 Mayıs  2025,2675000
Emlak-ofisinden,110.0,2+1,Bursa,İnegöl,Bilinmiyor,24 Mayıs  2025,2475000
Sahibinden,125.0,3+1,Bilecik,Merkez,Bilecik,17 Mayıs  2025,2730000
Emlak-ofisinden,120.0,3+1,Mugla,Ortaca,Bilinmiyor,24 Mayıs  2025,4299999
Emlak-ofisinden,178.0,4+1,Bursa,Osmangazi,Demirtaş,24 Mayıs  2025,4645000
Sahibinden,122.0,2+1,Hatay,Antakya,Merkez,13 Mayıs  2025,2250000
Emlak-ofisinden,95.0,2+1,Afyonkarahisar,Dinar,Bilinmiyor,20 Mayıs  2025,1770000
Sahibinden,150.0,4+1,Usak,Merkez,Yenisanayi,28 Nisan  2025,3675000
Emlak-ofisinden,160.0,2+1,Usak,Banaz,Bilinmiyor,22 Mayıs  2025,3600000
Sahibinden,80.0,1+1,Istanbul,Esenyurt,Bilinmiyor,23 Mayıs  2025,1225000
Sahibinden,150.0,3+1,Usak,Merkez,Yenisanayi,20 Mayıs  2025,2650000
Emlak-ofisinden,220.0,4+1,Osmaniye,Toprakkale,Bilinmiyor,21 Mayıs  2025,3950000
Sahibinden,140.0,3+1,Hatay,Hassa,Ardıçlı,25 Nisan  2025,2600000
Emlak-ofisinden,155.0,3+1,Usak,Merkez,Dokumacılar,19 Mayıs  2025,3150000
Emlak-ofisinden,225.0,5+1,Bursa,Osmangazi,Demirtaş,21 Mayıs  2025,3520000
Sahibinden,90.0,2+1,Samsun,İlkadım,Cedit,21 Mayıs  2025,2970000
Emlak-ofisinden,220.0,4.5+1,Diyarbakir,Kayapınar,Bilinmiyor,21 Mayıs  2025,6650000
Emlak-ofisinden,180.0,3+1,Diyarbakir,Kayapınar,Bilinmiyor,19 Mayıs  2025,2480000
Sahibinden,63.0,1+1,Van,İpekyolu,Merkez,23 Mayıs  2025,1600000
Emlak-ofisinden,175.0,3+1,Kilis,Merkez,Bilinmiyor,19 Mayıs  2025,3430000
Sahibinden,75.0,2+1,Mugla,Dalaman,Bilinmiyor,17 Mayıs  2025,3275000
Emlak-ofisinden,145.0,3+1,Bursa,Nilüfer,Ataevler,14 Mayıs  2025,4640000
Sahibinden,157.0,4+1,Usak,Merkez,Yenisanayi,19 Mayıs  2025,3800000
Emlak-ofisinden,150.0,2+0,Bilecik,Merkez,Bilecik,13 Mayıs  2025,1600000
Sahibinden,147.0,3+1,Bilecik,Bozüyük,Bilinmiyor,29 Nisan  2025,3450000
Emlak-ofisinden,95.0,2+1,Van,İpekyolu,Merkez,17 Mayıs  2025,2650000
Emlak-ofisinden,220.0,4+1,Kilis,Merkez,Kilis,17 Mayıs  2025,2750000
Emlak-ofisinden,160.0,3+1,Hatay,Dörtyol,Bilinmiyor,20 Mayıs  2025,3200000
Emlak-ofisinden,150.0,3+1,Bursa,Nilüfer,Merkez,23 Mayıs  2025,5245000
Sahibinden,125.0,3+1,Bilecik,Bozüyük,Bilinmiyor,20 Mart  2025,3450000
Emlak-ofisinden,150.0,3+1,Kilis,Merkez,Kilis,16 Mayıs  2025,900000
Sahibinden,230.0,3+2,Aydin,Kuşadası,Bilinmiyor,19 Mayıs  2025,5376000
Emlak-ofisinden,240.0,6+1,Usak,Merkez,Bilinmiyor,20 Mayıs  2025,2870000
Emlak-ofisinden,180.0,4+1,Erzurum,Palandöken,Yıldızkent,18 Mayıs  2025,5150000
Emlak-ofisinden,155.0,3+1,Bilecik,Merkez,Bilecik,03 Mayıs  2025,4000000
Sahibinden,126.0,3+1,Mugla,Menteşe,Merkez,23 Mayıs  2025,7500000
Sahibinden,120.0,2.5+1,Osmaniye,Kadirli,Cemalpaşa,15 Mayıs  2025,1700000
Emlak-ofisinden,140.0,3+1,Hatay,İskenderun,Meydan,24 Mayıs  2025,3500000
Sahibinden,110.0,3+1,Mugla,Milas,Bilinmiyor,03 Mayıs  2025,6000000
Emlak-ofisinden,48.0,1+1,Bilecik,Merkez,Bilecik,20 Mayıs  2025,1700000
Emlak-ofisinden,55.0,1+1,Samsun,Atakum,Bilinmiyor,30 Nisan  2025,3650000
Sahibinden,150.0,3+1,Mugla,Fethiye,Bilinmiyor,09 Mayıs  2025,10350000
Emlak-ofisinden,55.0,1+1,Samsun,Atakum,Kurupelit,19 Mayıs  2025,2300000
Sahibinden,159.0,3+1,Bingol,Merkez,Köyler,14 Mayıs  2025,5600000
Sahibinden,120.0,2+1,Hatay,Payas,Merkez,17 Mayıs  2025,2040000
Sahibinden,190.0,3+1,Istanbul,Beylikdüzü,Kavaklı,22 Mayıs  2025,6800000
Emlak-ofisinden,100.0,2+1,Osmaniye,Merkez,Yunusemre,22 Mayıs  2025,1550000
Sahibinden,60.0,1+1,Mugla,Milas,Güllük,02 Mayıs  2025,4000000
Emlak-ofisinden,145.0,3+1,Bilecik,Bozüyük,Bilinmiyor,16 Mayıs  2025,3250000
Emlak-ofisinden,190.0,4+1,Erzurum,Palandöken,Yıldızkent,20 Mayıs  2025,8000000
Sahibinden,120.0,3+1,Mugla,Yatağan,Bilinmiyor,19 Mayıs  2025,4100000
Emlak-ofisinden,60.0,2+0,Usak,Merkez,Bilinmiyor,15 Mayıs  2025,2075000
Sahibinden,140.0,3+1,Bilecik,Merkez,Bilecik,22 Mayıs  2025,2250000
Sahibinden,140.0,3+1,Mugla,Dalaman,Bilinmiyor,09 Mayıs  2025,3400000
Emlak-ofisinden,110.0,2+1,Istanbul,Esenyurt,Bilinmiyor,24 Mayıs  2025,1750000
Sahibinden,110.0,2+1,Mugla,Datça,Bilinmiyor,22 Mayıs  2025,8500000
Emlak-ofisinden,165.0,3+1,Erzurum,Palandöken,Yıldızkent,15 Mayıs  2025,2645000
Sahibinden,174.0,3+1,Usak,Merkez,Bilinmiyor,12 Mayıs  2025,2500000
Emlak-ofisinden,135.0,3+1,Artvin,Merkez,Artvin,17 Mayıs  2025,3520000
Emlak-ofisinden,50.0,1+1,Van,İpekyolu,Merkez,23 Mayıs  2025,1270000
Emlak-ofisinden,185.0,3+1,Hatay,İskenderun,Cumhuriyet,24 Mayıs  2025,2750000
Emlak-ofisinden,65.0,1+1,Afyonkarahisar,Merkez,Bilinmiyor,18 Mayıs  2025,2700000
Sahibinden,160.0,3+1,Istanbul,Tuzla,Aydınlı,22 Mayıs  2025,6825000
Emlak-ofisinden,225.0,4+1,Osmaniye,Merkez,Köyler,24 Mayıs  2025,4250000
Sahibinden,95.0,2+1,Istanbul,Eyüpsultan,Bilinmiyor,23 Mayıs  2025,3600000
Emlak-ofisinden,55.0,2+0,Bilecik,Bozüyük,Bilinmiyor,07 Mayıs  2025,2065000
Emlak-ofisinden,150.0,3+1,Bursa,Osmangazi,Kovukçınar,24 Mayıs  2025,2350000
Emlak-ofisinden,104.0,2+1,Diyarbakir,Bağlar,Alipınar,21 Mayıs  2025,3400000
Sahibinden,130.0,2+1,Usak,Merkez,Dokumacılar,28 Nisan  2025,2400000
Sahibinden,270.0,2+1,Mugla,Milas,Güllük,28 Nisan  2025,8750000
Sahibinden,155.0,3+1,Hatay,Antakya,Merkez,14 Mayıs  2025,3500000
Emlak-ofisinden,160.0,3+1,Usak,Merkez,Bilinmiyor,21 Mayıs  2025,3800000
Emlak-ofisinden,130.0,2+1,Mugla,Fethiye,Göcek,24 Mayıs  2025,12850000
Emlak-ofisinden,100.0,2+1,Kilis,Merkez,Kilis,10 Mayıs  2025,800000
Sahibinden,55.0,1+1,Samsun,Atakum,Kurupelit,14 Mayıs  2025,1950000
Emlak-ofisinden,160.0,3+1,Usak,Merkez,Yenisanayi,10 Mayıs  2025,3850000
Emlak-ofisinden,115.0,2+1,Bilecik,Merkez,Bilecik,20 Mayıs  2025,2350000
Emlak-ofisinden,260.0,3+2,Kilis,Merkez,Kilis,19 Mayıs  2025,3300000
Sahibinden,68.0,1+1,Istanbul,Ümraniye,Şerifali,24 Mayıs  2025,5750000
Emlak-ofisinden,150.0,3+1,Erzurum,Yakutiye,Terminal,24 Mayıs  2025,2450000
Emlak-ofisinden,185.0,5+1,Bursa,Nilüfer,Ataevler,23 Mayıs  2025,10750000
Emlak-ofisinden,145.0,3+1,Bursa,Gemlik,Bilinmiyor,24 Mayıs  2025,1490000
Emlak-ofisinden,200.0,4+1,Usak,Merkez,Yenisanayi,16 Mayıs  2025,6700000
Sahibinden,90.0,2+1,Afyonkarahisar,Bayat,Bilinmiyor,24 Mayıs  2025,2350000
Sahibinden,50.0,1+1,Van,İpekyolu,Merkez,24 Mayıs  2025,1590000
Emlak-ofisinden,165.0,3.5+1,Diyarbakir,Kayapınar,Bilinmiyor,24 Mayıs  2025,5150000
Emlak-ofisinden,90.0,2+1,Hatay,İskenderun,Cumhuriyet,21 Mayıs  2025,1800000
Sahibinden,180.0,4+1,Hatay,Dörtyol,Bilinmiyor,21 Mayıs  2025,5500000
Sahibinden,110.0,3+1,Van,Tuşba,Merkez,24 Mayıs  2025,2250000
Emlak-ofisinden,110.0,3+1,Afyonkarahisar,Merkez,Dumlupınar,17 Mayıs  2025,3150000
Sahibinden,195.0,3+1,Van,İpekyolu,Merkez,29 Nisan  2025,5850000
Sahibinden,203.0,4+1,Bingol,Merkez,Bingöl,12 Mayıs  2025,10000000
Sahibinden,120.0,3+1,Samsun,İlkadım,Gazi,14 Mayıs  2025,1985000
Emlak-ofisinden,60.0,1+1,Van,İpekyolu,Merkez,20 Mayıs  2025,1590000
Emlak-ofisinden,120.0,2+1,Kilis,Merkez,Kilis,28 Nisan  2025,2200000
Emlak-ofisinden,125.0,3+1,Artvin,Arhavi,Bilinmiyor,11 Mayıs  2025,1780000
Sahibinden,70.0,1+1,Samsun,Atakum,Kurupelit,20 Mayıs  2025,3520000
Sahibinden,65.0,1+1,Mugla,Dalaman,Bilinmiyor,18 Mayıs  2025,2545000
Sahibinden,160.0,3+1,Sinop,Ayancık,Bilinmiyor,23 Mayıs  2025,3500000
Emlak-ofisinden,90.0,2+1,Mugla,Fethiye,Bilinmiyor,24 Mayıs  2025,5500000
Emlak-ofisinden,138.0,3+1,Bilecik,Bozüyük,Bilinmiyor,17 Mayıs  2025,3100000
Emlak-ofisinden,55.0,1+1,Erzurum,Aziziye,Merkez,17 Mayıs  2025,1600000
Sahibinden,125.0,3+1,Aydin,Efeler,Merkez,13 Mayıs  2025,3000000
Emlak-ofisinden,130.0,3+1,Bilecik,Merkez,Bilecik,20 Mayıs  2025,2400000
Sahibinden,180.0,3+1,Istanbul,Beykoz,Çavuşbaşı,24 Mayıs  2025,5350000
Sahibinden,190.0,1+1,Samsun,İlkadım,İstasyon,11 Mayıs  2025,890000
Sahibinden,60.0,1+1,Artvin,Arhavi,Bilinmiyor,30 Nisan  2025,1745000
Emlak-ofisinden,155.0,3+1,Bursa,İnegöl,Alanyurt,24 Mayıs  2025,4790000
Sahibinden,110.0,3+1,Afyonkarahisar,Dazkırı,Bilinmiyor,10 Mayıs  2025,2750000
Sahibinden,135.0,2+1,Hatay,Defne,Merkez,30 Nisan  2025,2800000
Emlak-ofisinden,135.0,3+1,Bilecik,Bozüyük,Bilinmiyor,17 Mayıs  2025,3100000
Emlak-ofisinden,180.0,3+1,Usak,Merkez,Yenisanayi,20 Mayıs  2025,2550000
Sahibinden,110.0,2+1,Mugla,Dalaman,Bilinmiyor,03 Mayıs  2025,3850000
Emlak-ofisinden,142.0,2+1,Bursa,Nilüfer,Görükle,24 Mayıs  2025,4990000
Sahibinden,110.0,3+1,Usak,Merkez,Bilinmiyor,08 Mayıs  2025,2000000
Sahibinden,100.0,2+1,Kilis,Merkez,Kilis,16 Mayıs  2025,450000
Emlak-ofisinden,185.0,3.5+1,Bursa,Nilüfer,Merkez,24 Mayıs  2025,6000000
Emlak-ofisinden,60.0,1+1,Osmaniye,Merkez,Gebeli/Aslanlar,16 Mayıs  2025,2900000
Sahibinden,135.0,3+1,Hatay,Kırıkhan,Bilinmiyor,04 Mayıs  2025,2250000
Emlak-ofisinden,135.0,3+1,Diyarbakir,Kayapınar,Bilinmiyor,24 Mayıs  2025,2900000
Sahibinden,110.0,2+1,Van,İpekyolu,Merkez,01 Mayıs  2025,1850000
Emlak-ofisinden,130.0,3+1,Mugla,Fethiye,Bilinmiyor,24 Mayıs  2025,5150000
Emlak-ofisinden,221.0,4+1,Osmaniye,Merkez,Köyler,12 Mayıs  2025,7400000
Emlak-ofisinden,75.0,2+1,Diyarbakir,Yenişehir,Köyler,20 Mayıs  2025,2700000
Emlak-ofisinden,150.0,3+1,Mugla,Bodrum,Yalıkavak,24 Mayıs  2025,38000000
Sahibinden,100.0,2+1,Istanbul,Esenyurt,Bilinmiyor,24 Mayıs  2025,1739000
Sahibinden,95.0,2+1,Afyonkarahisar,Sandıklı,Bilinmiyor,23 Mayıs  2025,2650000
Emlak-ofisinden,112.0,2.5+1,Hatay,Payas,Merkez,22 Mayıs  2025,2350000
Emlak-ofisinden,190.0,3+1,Artvin,Hopa,Bilinmiyor,15 Mayıs  2025,5250000
Sahibinden,180.0,4+1,Osmaniye,Merkez,Köyler,20 Mayıs  2025,6000000
Emlak-ofisinden,120.0,2+1,Kilis,Merkez,Kilis,02 Mayıs  2025,1900000
Emlak-ofisinden,110.0,2+1,Van,Erciş,Bilinmiyor,18 Mayıs  2025,2225000
Sahibinden,125.0,3+1,Artvin,Merkez,Köyler,07 Mayıs  2025,2800000
Emlak-ofisinden,155.0,2+1,Bilecik,Merkez,Bilecik,16 Mayıs  2025,2900000
Emlak-ofisinden,180.0,3+1,Bursa,Nilüfer,Ataevler,24 Mayıs  2025,7500000
Emlak-ofisinden,135.0,3+1,Erzurum,Palandöken,Bilinmiyor,18 Mayıs  2025,1990000
Sahibinden,100.0,2+1,Istanbul,Beşiktaş,Levazım,24 Mayıs  2025,14500000
Emlak-ofisinden,90.0,2+1,Kilis,Merkez,Bilinmiyor,10 Mayıs  2025,1400000
Sahibinden,60.0,1+1,Aydin,Kuşadası,Bilinmiyor,24 Mayıs  2025,2350000
Emlak-ofisinden,220.0,4.5+1,Diyarbakir,Kayapınar,Bilinmiyor,21 Mayıs  2025,6200000
Emlak-ofisinden,100.0,2+1,Erzurum,Palandöken,Bilinmiyor,20 Mayıs  2025,1300000
Emlak-ofisinden,160.0,3+1,Bursa,İnegöl,Alanyurt,24 Mayıs  2025,5000000
Sahibinden,205.0,3+1,Istanbul,Bahçelievler,Çobançeşme,24 Mayıs  2025,12500000
Emlak-ofisinden,155.0,3+1,Artvin,Arhavi,Bilinmiyor,01 Mayıs  2025,1650000
Emlak-ofisinden,165.0,3+1,Bilecik,Merkez,Bilecik,12 Mayıs  2025,3945000
Emlak-ofisinden,145.0,3+1,Bilecik,Merkez,Bilecik,25 Nisan  2025,3100000
Sahibinden,165.0,3+1,Samsun,Atakum,Merkez,15 Mayıs  2025,7250000
Sahibinden,170.0,4+1,Osmaniye,Merkez,Gebeli/Aslanlar,05 Mayıs  2025,2900000
Emlak-ofisinden,240.0,5+1,Bilecik,Merkez,Bilecik,28 Nisan  2025,3250000
Sahibinden,180.0,4+1,Usak,Merkez,Yenisanayi,25 Nisan  2025,3750000
Sahibinden,150.0,3+1,Hatay,Arsuz,Merkez,19 Mayıs  2025,3800000
Sahibinden,62.0,1+1,Samsun,Atakum,Köyler,15 Mayıs  2025,2100000
Sahibinden,170.0,3+1,Usak,Merkez,Yenisanayi,12 Mayıs  2025,3500000
Sahibinden,130.0,2+1,Istanbul,Üsküdar,Bulgurlu,22 Mayıs  2025,9250000
Emlak-ofisinden,110.0,2+1,Diyarbakir,Yenişehir,Köyler,20 Mayıs  2025,3390000
Emlak-ofisinden,150.0,3+1,Usak,Merkez,Yenisanayi,11 Mayıs  2025,4350000
Sahibinden,130.0,3+1,Bilecik,Osmaneli,Bilinmiyor,24 Mayıs  2025,2950000
Sahibinden,160.0,3+1,Istanbul,Sarıyer,Merkez,24 Mayıs  2025,6550000
Sahibinden,108.0,2+1,Mugla,Bodrum,Bilinmiyor,22 Mayıs  2025,9000000
Emlak-ofisinden,300.0,5+1,Kilis,Merkez,Bilinmiyor,10 Mayıs  2025,6950000
Emlak-ofisinden,55.0,1+1,Samsun,Atakum,Bilinmiyor,15 Mayıs  2025,1970000
Emlak-ofisinden,190.0,4+1,Van,İpekyolu,Merkez,19 Mayıs  2025,5150000
Sahibinden,78.0,2+1,Bilecik,Bozüyük,Bilinmiyor,04 Mayıs  2025,2490000
Emlak-ofisinden,175.0,3+1,Osmaniye,Düziçi,Bilinmiyor,15 Mayıs  2025,3000000
Emlak-ofisinden,102.0,2+1,Afyonkarahisar,Merkez,Bilinmiyor,21 Mayıs  2025,4300000
Sahibinden,100.0,2+1,Hatay,Kırıkhan,Bilinmiyor,12 Mayıs  2025,2050000
Sahibinden,85.0,2+1,Mugla,Marmaris,İçmeler,21 Mayıs  2025,6750000
Emlak-ofisinden,220.0,4+1,Erzurum,Palandöken,Bilinmiyor,15 Mayıs  2025,3000000
Sahibinden,85.0,2+1,Mugla,Bodrum,Konacık,05 Mayıs  2025,8750000
Sahibinden,120.0,2+1,Van,İpekyolu,Merkez,30 Nisan  2025,2535000
Emlak-ofisinden,185.0,4+1,Erzurum,Palandöken,Yıldızkent,24 Mayıs  2025,4750000
Sahibinden,58.0,1+1,Istanbul,Avcılar,Gümüşpala,23 Mayıs  2025,2950000
Sahibinden,115.0,2+1,Hatay,Antakya,Merkez,30 Nisan  2025,2230000
Emlak-ofisinden,125.0,3+1,Mugla,Marmaris,Bilinmiyor,20 Mayıs  2025,13950000
Emlak-ofisinden,165.0,3+1,Kilis,Merkez,Kilis,17 Mayıs  2025,3500000
Sahibinden,90.0,2+1,Istanbul,Bağcılar,Barbaros/Yeşilbağ,09 Mayıs  2025,8200000
Emlak-ofisinden,195.0,4+1,Erzurum,Aziziye,Merkez,22 Mayıs  2025,2750000
Emlak-ofisinden,115.0,2+1,Erzurum,Yakutiye,İstasyon,21 Mayıs  2025,2135000
Emlak-ofisinden,120.0,2+0,Bursa,Karacabey,Bilinmiyor,24 Mayıs  2025,2050000
Emlak-ofisinden,100.0,2+1,Bilecik,Merkez,Bilecik,01 Mayıs  2025,2350000
Sahibinden,135.0,3+1,Bilecik,Bozüyük,Bilinmiyor,28 Nisan  2025,3400000
Emlak-ofisinden,175.0,3+1,Erzurum,Yakutiye,İstasyon,21 Mayıs  2025,2720000
Emlak-ofisinden,82.0,2+1,Hatay,Arsuz,Merkez,14 Mayıs  2025,4350000
Emlak-ofisinden,200.0,3+1,Kilis,Merkez,Kilis,09 Mayıs  2025,1650000
Emlak-ofisinden,154.0,3+1,Bilecik,Merkez,Bilecik,19 Mayıs  2025,3425000
Emlak-ofisinden,120.0,3+1,Afyonkarahisar,Merkez,Bilinmiyor,21 Mayıs  2025,2000000
Emlak-ofisinden,50.0,1+1,Bilecik,Merkez,Bilecik,19 Mayıs  2025,1850000
Emlak-ofisinden,140.0,3+1,Artvin,Hopa,Bilinmiyor,14 Mayıs  2025,4400000
Emlak-ofisinden,165.0,3+1,Bilecik,Merkez,Bilecik,14 Mayıs  2025,1700000
Emlak-ofisinden,150.0,3+1,Bursa,Yıldırım,Esenevler,24 Mayıs  2025,5750000
Emlak-ofisinden,150.0,3+1,Erzurum,Palandöken,Bilinmiyor,23 Mayıs  2025,950000
Emlak-ofisinden,370.0,5+1,Osmaniye,Merkez,Köyler,20 Mayıs  2025,5950000
Sahibinden,65.0,2+1,Mugla,Ula,Gökova,20 Mayıs  2025,6450000
Emlak-ofisinden,75.0,2+1,Afyonkarahisar,Merkez,Köyler,22 Mayıs  2025,2775000
Emlak-ofisinden,135.0,3+1,Bilecik,Merkez,Bilecik,06 Mayıs  2025,2975000
Sahibinden,75.0,2+1,Kilis,Merkez,Kilis,22 Mayıs  2025,920000
Sahibinden,55.0,1+1,Mugla,Marmaris,Bilinmiyor,08 Mayıs  2025,14300000
Sahibinden,145.0,3+1,Van,İpekyolu,Merkez,11 Mayıs  2025,3750000
Emlak-ofisinden,75.0,2+1,Usak,Merkez,Bilinmiyor,11 Mayıs  2025,1550000
Emlak-ofisinden,200.0,4+1,Kilis,Merkez,Bilinmiyor,06 Mayıs  2025,4150000
Emlak-ofisinden,170.0,3+1,Van,İpekyolu,Merkez,22 Mayıs  2025,5700000
Emlak-ofisinden,149.0,3+1,Erzurum,Yakutiye,Terminal,23 Mayıs  2025,2780000
Emlak-ofisinden,210.0,4+1,Erzurum,Palandöken,Bilinmiyor,21 Mayıs  2025,3390000
Emlak-ofisinden,240.0,4.5+1,Diyarbakir,Kayapınar,Bilinmiyor,21 Mayıs  2025,9250000
Emlak-ofisinden,135.0,2+1,Bursa,Osmangazi,Demirtaş,24 Mayıs  2025,3100000
Emlak-ofisinden,150.0,3+1,Bursa,Mudanya,Güzelyalı,24 Mayıs  2025,3800000
Sahibinden,156.0,3+1,Samsun,Tekkeköy,Bilinmiyor,17 Mayıs  2025,3100000
Sahibinden,190.0,3+1,Samsun,Atakum,Atakent,14 Mayıs  2025,6750000
Sahibinden,173.0,3+1,Van,İpekyolu,Merkez,24 Mayıs  2025,4550000
Sahibinden,112.0,3+1,Hatay,İskenderun,Denizciler,10 Mayıs  2025,2580000
Emlak-ofisinden,125.0,3+1,Bilecik,Bozüyük,Bilinmiyor,23 Mayıs  2025,4850000
Emlak-ofisinden,140.0,3+1,Artvin,Arhavi,Bilinmiyor,09 Mayıs  2025,1615000
Sahibinden,130.0,3+1,Bilecik,Merkez,Bilecik,18 Mayıs  2025,2250000
Sahibinden,130.0,3+1,Van,İpekyolu,Merkez,08 Mayıs  2025,3799999
Emlak-ofisinden,60.0,1+1,Bilecik,Merkez,Bilecik,10 Mayıs  2025,1170000
Emlak-ofisinden,240.0,4+1,Diyarbakir,Kayapınar,Bilinmiyor,21 Mayıs  2025,9950000
Emlak-ofisinden,105.0,2+1,Bursa,Nilüfer,İhsaniye,24 Mayıs  2025,6245000
Emlak-ofisinden,154.0,3+1,Bilecik,Merkez,Bilecik,02 Mayıs  2025,4100000
Sahibinden,45.0,1+1,Afyonkarahisar,Bolvadin,Bilinmiyor,19 Mayıs  2025,1500000
Emlak-ofisinden,155.0,4+1,Afyonkarahisar,Merkez,Bilinmiyor,20 Mayıs  2025,4250000
Sahibinden,120.0,2+1,Mugla,Bodrum,Gümüşlük,07 Mayıs  2025,8950000
Emlak-ofisinden,150.0,3+1,Erzurum,Yakutiye,Lalapaşa,17 Mayıs  2025,3235000
Sahibinden,105.0,2+1,Bilecik,Merkez,Bilecik,23 Mayıs  2025,2100000
Emlak-ofisinden,110.0,2+1,Bursa,Mudanya,Bilinmiyor,27 Nisan  2025,4150000
Sahibinden,140.0,3+1,Kilis,Merkez,Kilis,15 Mayıs  2025,2000000
Emlak-ofisinden,140.0,3+1,Bilecik,Bozüyük,Bilinmiyor,16 Mayıs  2025,3100000
Emlak-ofisinden,120.0,3+1,Osmaniye,Merkez,Bilinmiyor,11 Mayıs  2025,1395000
Emlak-ofisinden,170.0,3+1,Van,İpekyolu,Merkez,20 Mayıs  2025,6000000
Sahibinden,45.0,1+1,Samsun,Atakum,Kurupelit,07 Mayıs  2025,1840000
Sahibinden,185.0,3+1,Hatay,Reyhanlı,Bilinmiyor,18 Mayıs  2025,2425000
Emlak-ofisinden,135.0,2+1,Bursa,Nilüfer,Ataevler,24 Mayıs  2025,4200000
Emlak-ofisinden,180.0,3+1,Bursa,Yıldırım,Emirsultan,24 Mayıs  2025,2650000
Sahibinden,113.0,3+1,Hatay,İskenderun,Gözcüler,30 Nisan  2025,2300000
Emlak-ofisinden,45.0,1+1,Osmaniye,Merkez,Köyler,21 Mayıs  2025,1200000
Emlak-ofisinden,130.0,3+1,Bursa,İnegöl,Alanyurt,24 Mayıs  2025,3990000
Sahibinden,109.0,2+1,Ardahan,Merkez,Ardahan,26 Nisan  2025,2100000
Sahibinden,100.0,3+1,Van,Tuşba,Merkez,16 Mayıs  2025,2400000
Sahibinden,145.0,3+1,Bilecik,Bozüyük,Bilinmiyor,21 Mart  2025,5150000
Emlak-ofisinden,250.0,5+1,Bursa,Nilüfer,Ataevler,23 Mayıs  2025,4794000
Sahibinden,160.0,3+1,Artvin,Borçka,Bilinmiyor,06 Mayıs  2025,3000000
Emlak-ofisinden,60.0,1+1,Bilecik,Merkez,Bilecik,01 Mayıs  2025,1550000
Emlak-ofisinden,155.0,3+1,Bursa,Yıldırım,Duaçınarı,25 Mayıs  2025,4750000
Sahibinden,70.0,2+1,Istanbul,Kadıköy,Caferağa,23 Mayıs  2025,6000000
Emlak-ofisinden,58.0,1+1,Kilis,Merkez,Kilis,21 Mayıs  2025,865000
Emlak-ofisinden,133.0,3+1,Bilecik,Bozüyük,Bilinmiyor,02 Mayıs  2025,3450000
Emlak-ofisinden,115.0,3+1,Van,Erciş,Bilinmiyor,22 Mayıs  2025,2150000
Emlak-ofisinden,145.0,2.5+1,Kilis,Merkez,Bilinmiyor,21 Mayıs  2025,3349000
Sahibinden,140.0,3+1,Artvin,Hopa,Bilinmiyor,16 Mayıs  2025,3750000
Emlak-ofisinden,180.0,3+1,Bilecik,Merkez,Bilecik,14 Mayıs  2025,4600000
Emlak-ofisinden,80.0,2+1,Mugla,Fethiye,Köyler,24 Mayıs  2025,3650000
Emlak-ofisinden,55.0,1+1,Kilis,Merkez,Kilis,07 Mayıs  2025,675000
Emlak-ofisinden,160.0,3+1,Diyarbakir,Yenişehir,Bilinmiyor,21 Mayıs  2025,1750000
Sahibinden,120.0,2+1,Istanbul,Esenyurt,Bilinmiyor,23 Mayıs  2025,1400000
Sahibinden,170.0,3+1,Usak,Merkez,Bilinmiyor,20 Mayıs  2025,3250000
Sahibinden,150.0,3+1,Usak,Merkez,Bilinmiyor,24 Mayıs  2025,3225000
Sahibinden,140.0,3+1,Samsun,19 Mayıs,Ballıca,21 Mayıs  2025,3700000
Sahibinden,45.0,1+1,Mugla,Menteşe,Merkez,05 Mayıs  2025,2890000
Sahibinden,160.0,3+1,Usak,Merkez,Bilinmiyor,28 Nisan  2025,2450000
Emlak-ofisinden,185.0,3.5+1,Diyarbakir,Yenişehir,Bilinmiyor,24 Mayıs  2025,1700000
Sahibinden,62.0,2+1,Istanbul,Beylikdüzü,Yakuplu,23 Mayıs  2025,2460000
Sahibinden,130.0,3+1,Samsun,Çarşamba,Bilinmiyor,13 Mayıs  2025,3850000
Sahibinden,140.0,3+1,Aydin,Efeler,Merkez,17 Mayıs  2025,4850000
Emlak-ofisinden,70.0,1+1,Bilecik,Merkez,Bilecik,15 Mayıs  2025,1750000
Emlak-ofisinden,95.0,2+1,Diyarbakir,Yenişehir,Bilinmiyor,23 Mayıs  2025,3500000
Sahibinden,147.0,3+1,Bingol,Solhan,Bilinmiyor,05 Mayıs  2025,3550000
Sahibinden,70.0,1+1,Bilecik,Bozüyük,Bilinmiyor,14 Mayıs  2025,1520000
Sahibinden,100.0,2+1,Van,İpekyolu,Merkez,08 Mayıs  2025,3250000
Sahibinden,210.0,4+1,Osmaniye,Merkez,Gebeli/Aslanlar,13 Mayıs  2025,3650000
Emlak-ofisinden,200.0,4+2,Bayburt,Merkez,Bayburt,22 Mayıs  2025,3850000
Sahibinden,100.0,3+1,Istanbul,Beylikdüzü,Gürpınar,24 Mayıs  2025,4500000
Emlak-ofisinden,100.0,3+1,Erzurum,Palandöken,Yenişehir,20 Mayıs  2025,1500000
Sahibinden,48.0,1+1,Bilecik,Merkez,Bilecik,04 Mayıs  2025,1650000
Emlak-ofisinden,170.0,4+1,Erzurum,Palandöken,Yıldızkent,23 Mayıs  2025,5750000
Emlak-ofisinden,130.0,3+1,Usak,Merkez,Dokumacılar,09 Mayıs  2025,3500000
Sahibinden,160.0,3+1,Hatay,Defne,Merkez,15 Mayıs  2025,2750000
Emlak-ofisinden,60.0,1+1,Samsun,Atakum,Atakent,05 Mayıs  2025,2000000
Sahibinden,115.0,2+1,Samsun,Vezirköprü,Bilinmiyor,12 Mayıs  2025,3800000
Emlak-ofisinden,130.0,3+1,Erzurum,Aziziye,Merkez,23 Mayıs  2025,1450000
Sahibinden,80.0,2+1,Mugla,Ortaca,Bilinmiyor,18 Mayıs  2025,3400000
Sahibinden,90.0,2+1,Mugla,Bodrum,Mumcular,24 Mayıs  2025,4350000
Sahibinden,95.0,2+1,Istanbul,Esenyurt,Bilinmiyor,22 Mayıs  2025,3500000
Sahibinden,190.0,4+1,Kilis,Merkez,Bilinmiyor,27 Nisan  2025,3350000
Emlak-ofisinden,280.0,4+1,Van,İpekyolu,Merkez,21 Mayıs  2025,11500000
Emlak-ofisinden,200.0,5+1,Bursa,Mudanya,Bilinmiyor,23 Mayıs  2025,5675000
Emlak-ofisinden,135.0,3+1,Mugla,Fethiye,Bilinmiyor,24 Mayıs  2025,5500000
Sahibinden,88.0,1+1,Istanbul,Tuzla,Tersaneler,24 Mayıs  2025,3400000
Sahibinden,170.0,3+1,Van,Erciş,Bilinmiyor,21 Mayıs  2025,3875000
Sahibinden,400.0,5+1,Usak,Banaz,Bilinmiyor,19 Mayıs  2025,3900000
Sahibinden,135.0,3+1,Samsun,İlkadım,Gazi,29 Nisan  2025,2750000
Emlak-ofisinden,97.0,2+1,Van,Gevaş,Bilinmiyor,20 Mayıs  2025,2850000
Emlak-ofisinden,128.0,2+1,Hatay,İskenderun,Sanayi,21 Mayıs  2025,3400000
Emlak-ofisinden,150.0,3+1,Diyarbakir,Bağlar,Alipınar,23 Mayıs  2025,3570000
Sahibinden,80.0,2+1,Aydin,Didim,Yenihisar,16 Mayıs  2025,3100000
Emlak-ofisinden,110.0,2+1,Van,İpekyolu,Merkez,19 Mayıs  2025,4250000
Emlak-ofisinden,180.0,3+1,Usak,Merkez,Yenisanayi,19 Mayıs  2025,5150000
Emlak-ofisinden,132.0,3+1,Artvin,Merkez,Artvin,26 Nisan  2025,3750000
Emlak-ofisinden,55.0,1+1,Bilecik,Merkez,Bilecik,02 Mayıs  2025,1750000
Sahibinden,150.0,3+1,Istanbul,Kadıköy,Göztepe,24 Mayıs  2025,30000000
Sahibinden,150.0,3+1,Hatay,Dörtyol,Kuzuculu,03 Mayıs  2025,1900000
Emlak-ofisinden,75.0,2+1,Osmaniye,Merkez,Köyler,17 Mayıs  2025,985000
Emlak-ofisinden,100.0,2+1,Kilis,Merkez,Kilis,21 Mayıs  2025,1675000
Sahibinden,100.0,3+1,Usak,Merkez,Dokumacılar,30 Nisan  2025,3300000
Emlak-ofisinden,80.0,2+0,Erzurum,Yakutiye,İstasyon,22 Mayıs  2025,2150000
Emlak-ofisinden,100.0,2+1,Bursa,Mudanya,Bilinmiyor,24 Mayıs  2025,2350000
Sahibinden,140.0,3+1,Hatay,Defne,Merkez,25 Nisan  2025,3200000
Emlak-ofisinden,135.0,3+1,Erzurum,Yakutiye,Terminal,17 Mayıs  2025,2050000
Sahibinden,135.0,3+1,Aydin,Didim,Merkez,19 Mayıs  2025,5000000
Emlak-ofisinden,135.0,3+1,Hatay,Altınözü,Hacıpaşa,22 Mayıs  2025,3080000
Emlak-ofisinden,158.0,3+1,Bilecik,Merkez,Bilecik,18 Mayıs  2025,5000000
Sahibinden,140.0,4+1,Samsun,Yakakent,Bilinmiyor,24 Mayıs  2025,6700000
Sahibinden,100.0,2+1,Istanbul,Esenyurt,Bilinmiyor,24 Mayıs  2025,1575000
Emlak-ofisinden,220.0,3+1,Erzurum,Yakutiye,İstasyon,16 Mayıs  2025,6000000
Emlak-ofisinden,145.0,3+1,Kilis,Merkez,Bilinmiyor,05 Mayıs  2025,2250000
Emlak-ofisinden,125.0,2+1,Hatay,Dörtyol,Bilinmiyor,24 Mayıs  2025,3100000
Emlak-ofisinden,125.0,2+1,Kilis,Merkez,Kilis,06 Mayıs  2025,2100000
Emlak-ofisinden,140.0,3+1,Bilecik,Merkez,Bilecik,19 Mayıs  2025,3900000
Emlak-ofisinden,95.0,2+1,Osmaniye,Kadirli,Cemalpaşa,12 Mayıs  2025,2125000
Emlak-ofisinden,165.0,3+1,Hatay,Arsuz,Merkez,22 Mayıs  2025,3200000
Emlak-ofisinden,85.0,2+1,Diyarbakir,Kayapınar,Bilinmiyor,19 Mayıs  2025,3380000
Emlak-ofisinden,95.0,2+1,Kilis,Merkez,Kilis,20 Mayıs  2025,1450000
Sahibinden,160.0,3+1,Samsun,Canik,Bilinmiyor,28 Nisan  2025,4300000
Sahibinden,95.0,2+1,Istanbul,Gaziosmanpaşa,Kazımkarabekir,22 Mayıs  2025,3800000
Emlak-ofisinden,240.0,4+1,Van,İpekyolu,Merkez,21 Mayıs  2025,5150000
Emlak-ofisinden,228.0,5+2,Usak,Merkez,Dokumacılar,13 Mayıs  2025,3700000
Sahibinden,75.0,1+1,Van,İpekyolu,Merkez,27 Nisan  2025,2200000
Emlak-ofisinden,215.0,5+1,Bilecik,Bozüyük,Bilinmiyor,21 Mayıs  2025,5150000
Emlak-ofisinden,60.0,1+1,Kilis,Merkez,Kilis,22 Mayıs  2025,470000
Sahibinden,140.0,3+1,Samsun,İlkadım,Hastanebaşı,09 Mayıs  2025,2550000
Sahibinden,270.0,4+1,Hatay,Defne,Merkez,12 Mayıs  2025,6200000
Emlak-ofisinden,175.0,3+1,Van,İpekyolu,Merkez,23 Mayıs  2025,3250000
Emlak-ofisinden,125.0,3+1,Bilecik,Bozüyük,Bilinmiyor,05 Mayıs  2025,2750000
Sahibinden,130.0,3+1,Samsun,Canik,Bilinmiyor,23 Mayıs  2025,3000000
Emlak-ofisinden,120.0,2+1,Kilis,Merkez,Kilis,19 Mayıs  2025,850000
Emlak-ofisinden,165.0,3+1,Usak,Merkez,Bilinmiyor,21 Mayıs  2025,3000000
Emlak-ofisinden,220.0,4+1,Diyarbakir,Sur,Merkez,20 Mayıs  2025,5860000
Emlak-ofisinden,118.0,3+1,Bayburt,Merkez,Bayburt,02 Mayıs  2025,2700000
Emlak-ofisinden,250.0,3+1,Van,İpekyolu,Merkez,17 Mayıs  2025,6650000
Emlak-ofisinden,190.0,3.5+1,Diyarbakir,Yenişehir,Cumhuriyet,19 Mayıs  2025,4900000
Emlak-ofisinden,460.0,4+1,Bursa,Nilüfer,Beşevler,24 Mayıs  2025,22750000
Emlak-ofisinden,210.0,3+1,Van,Edremit,Bilinmiyor,23 Mayıs  2025,6800000
Emlak-ofisinden,142.0,3+1,Osmaniye,Merkez,Gebeli/Aslanlar,16 Mayıs  2025,3800000
Emlak-ofisinden,155.0,3+1,Diyarbakir,Yenişehir,Bilinmiyor,23 Mayıs  2025,3350000
Emlak-ofisinden,150.0,3+1,Usak,Merkez,Yenisanayi,14 Mayıs  2025,4600000
Emlak-ofisinden,65.0,2+1,Kilis,Merkez,Bilinmiyor,21 Mayıs  2025,1175000
Sahibinden,115.0,3+1,Osmaniye,Kadirli,Dere,18 Mayıs  2025,1890000
Sahibinden,160.0,3+1,Mugla,Ortaca,Bilinmiyor,15 Mayıs  2025,4950000
Emlak-ofisinden,130.0,3+1,Afyonkarahisar,Merkez,Bilinmiyor,17 Mayıs  2025,4150000
Sahibinden,135.0,3+1,Samsun,Atakum,Bilinmiyor,07 Mayıs  2025,4150000
Sahibinden,130.0,3+1,Bingol,Merkez,Bingöl,22 Mayıs  2025,3750000
Sahibinden,130.0,3+1,Istanbul,Küçükçekmece,Halkalı,22 Mayıs  2025,2950000
Emlak-ofisinden,50.0,1+1,Erzurum,Aziziye,Merkez,17 Mayıs  2025,1850000
Sahibinden,110.0,2+1,Hatay,İskenderun,Cumhuriyet,28 Nisan  2025,2650000
Emlak-ofisinden,50.0,1+1,Bursa,Mustafakemalpaşa,Bilinmiyor,24 Mayıs  2025,1575000
Emlak-ofisinden,154.0,3+1,Osmaniye,Düziçi,Bilinmiyor,24 Mayıs  2025,2050000
Sahibinden,190.0,3+1,Bilecik,Merkez,Bilecik,28 Nisan  2025,4500000
Emlak-ofisinden,100.0,2+1,Van,İpekyolu,Merkez,22 Mayıs  2025,1350000
Emlak-ofisinden,120.0,3+1,Afyonkarahisar,Merkez,Bilinmiyor,14 Mayıs  2025,2200000
Sahibinden,160.0,3+1,Samsun,Çarşamba,Bilinmiyor,07 Mayıs  2025,4150000
Emlak-ofisinden,130.0,3+1,Bursa,İnegöl,Bilinmiyor,04 Mayıs  2025,4100000
Sahibinden,100.0,2+1,Van,İpekyolu,Merkez,02 Mayıs  2025,2649000
Emlak-ofisinden,120.0,2+1,Diyarbakir,Bağlar,Merkez,20 Mayıs  2025,2750000
Sahibinden,110.0,2+1,Mugla,Dalaman,Bilinmiyor,23 Mayıs  2025,4250000
Sahibinden,160.0,3+1,Van,Erciş,Bilinmiyor,04 Mayıs  2025,1845000
Sahibinden,110.0,2+1,Samsun,İlkadım,İstasyon,16 Mayıs  2025,3079000
Sahibinden,160.0,3+1,Hatay,İskenderun,Sanayi,16 Mayıs  2025,3550000
Sahibinden,96.0,2+1,Hatay,Samandağ,Bilinmiyor,17 Mayıs  2025,1750000
Emlak-ofisinden,145.0,3+1,Erzurum,Yakutiye,Terminal,22 Mayıs  2025,1050000
Emlak-ofisinden,95.0,2+1,Samsun,Salıpazarı,Bilinmiyor,20 Mayıs  2025,2350000
Sahibinden,130.0,3+1,Bingol,Merkez,Bingöl,23 Mayıs  2025,3850000
Emlak-ofisinden,210.0,4+1,Diyarbakir,Kayapınar,Bilinmiyor,23 Mayıs  2025,3850000
Emlak-ofisinden,100.0,2+1,Diyarbakir,Bağlar,Körhat,19 Mayıs  2025,540000
Emlak-ofisinden,90.0,2+1,Mugla,Menteşe,Merkez,24 Mayıs  2025,3500000
Emlak-ofisinden,220.0,4+1,Diyarbakir,Kayapınar,Bilinmiyor,22 Mayıs  2025,4950000
Emlak-ofisinden,90.0,2+1,Mugla,Bodrum,Gündoğan,21 Mayıs  2025,12000000
Emlak-ofisinden,55.0,1+1,Samsun,Atakum,Bilinmiyor,12 Mayıs  2025,1749000
Emlak-ofisinden,70.0,1+1,Bursa,Gemlik,Köyler,23 Mayıs  2025,1600000
Emlak-ofisinden,83.0,1+1,Bayburt,Merkez,Bayburt,11 Mayıs  2025,1530000
Sahibinden,99.0,2+1,Hatay,İskenderun,Sanayi,27 Nisan  2025,3600000
Emlak-ofisinden,113.0,2+1,Bursa,Nilüfer,Akçalar,24 Mayıs  2025,3750000
Sahibinden,640.0,3+1,Hatay,Kırıkhan,Bilinmiyor,08 Mayıs  2025,4125000
Sahibinden,140.0,3+1,Artvin,Hopa,Bilinmiyor,20 Mayıs  2025,4300000
Emlak-ofisinden,85.0,2+1,Mugla,Dalaman,Bilinmiyor,24 Mayıs  2025,3750000
Sahibinden,155.0,3+1,Hatay,Dörtyol,Bilinmiyor,05 Mayıs  2025,2699000
Sahibinden,115.0,2+1,Samsun,İlkadım,Gazi,23 Mayıs  2025,1650000
Emlak-ofisinden,170.0,3+1,Bursa,Osmangazi,Emek,23 Mayıs  2025,3450000
Emlak-ofisinden,107.0,2+1,Samsun,İlkadım,Merkez,15 Mayıs  2025,3250000
Emlak-ofisinden,194.0,3+1,Hatay,Arsuz,Merkez,21 Mayıs  2025,4750000
Emlak-ofisinden,115.0,2+1,Afyonkarahisar,Merkez,Dumlupınar,19 Mayıs  2025,1730000
Emlak-ofisinden,80.0,2+1,Diyarbakir,Bağlar,Alipınar,22 Mayıs  2025,2950000
Sahibinden,60.0,1+1,Aydin,Efeler,Merkez,18 Mayıs  2025,2300000
Emlak-ofisinden,125.0,3+1,Osmaniye,Merkez,Fatih,15 Mayıs  2025,1950000
Emlak-ofisinden,60.0,1+1,Bilecik,Merkez,Bilecik,02 Mayıs  2025,1535000
Emlak-ofisinden,160.0,3+1,Diyarbakir,Kayapınar,Bilinmiyor,21 Mayıs  2025,5650000
Emlak-ofisinden,135.0,3+1,Mugla,Marmaris,Armutalan,25 Mayıs  2025,9800000
Emlak-ofisinden,110.0,2+1,Bilecik,Merkez,Bilecik,16 Mayıs  2025,1950000
Sahibinden,65.0,2+1,Van,İpekyolu,Merkez,03 Mayıs  2025,1900000
Emlak-ofisinden,55.0,1+1,Bilecik,Merkez,Bilecik,02 Mayıs  2025,1750000
Emlak-ofisinden,85.0,1+1,Bursa,İnegöl,Alanyurt,23 Mayıs  2025,1840000
Sahibinden,130.0,3+1,Mugla,Bodrum,Mumcular,05 Mayıs  2025,3650000
Sahibinden,130.0,3+1,Istanbul,Arnavutköy,Hadımköy(Boyalık),24 Mayıs  2025,3200000
Emlak-ofisinden,115.0,2+1,Bursa,Osmangazi,Demirtaş,24 Mayıs  2025,2600000
Emlak-ofisinden,150.0,3+1,Diyarbakir,Kayapınar,Bilinmiyor,19 Mayıs  2025,4425000
Sahibinden,186.0,3+1,Hatay,İskenderun,Meydan,25 Nisan  2025,5500000
Emlak-ofisinden,115.0,3+1,Artvin,Kemalpaşa,Merkez,14 Mayıs  2025,925000
Emlak-ofisinden,180.0,3+1,Van,Tuşba,Merkez,20 Mayıs  2025,4100000
Sahibinden,110.0,2+1,Bilecik,Merkez,Bilecik,05 Mayıs  2025,1849999
Emlak-ofisinden,135.0,3+1,Bilecik,Merkez,Bilecik,01 Mayıs  2025,3000000
Emlak-ofisinden,75.0,2+1,Erzurum,Palandöken,Yıldızkent,19 Mayıs  2025,1650000
Sahibinden,105.0,2+1,Aydin,Kuşadası,Köyler,22 Mayıs  2025,4700000
Emlak-ofisinden,60.0,2+0,Usak,Banaz,Bilinmiyor,22 Mayıs  2025,2050000
Emlak-ofisinden,95.0,2+1,Afyonkarahisar,Merkez,Bilinmiyor,21 Mayıs  2025,3100000
Sahibinden,170.0,3+1,Samsun,Bafra,Bahçeler,23 Mayıs  2025,3700000
Emlak-ofisinden,100.0,2+1,Usak,Merkez,Bilinmiyor,21 Mayıs  2025,2495000
Emlak-ofisinden,170.0,3+1,Erzurum,Yakutiye,Merkez,19 Mayıs  2025,2350000
Emlak-ofisinden,115.0,2+1,Erzurum,Palandöken,Bilinmiyor,17 Mayıs  2025,900000
Emlak-ofisinden,195.0,4+1,Osmaniye,Kadirli,Cemalpaşa,22 Mayıs  2025,3350000
Emlak-ofisinden,90.0,2+1,Hatay,Dörtyol,Bilinmiyor,22 Mayıs  2025,3750000
Emlak-ofisinden,145.0,3+1,Hatay,Erzin,Bilinmiyor,20 Mayıs  2025,2900000
Emlak-ofisinden,100.0,1.5+1,Hatay,İskenderun,Merkez,21 Mayıs  2025,1000000
Emlak-ofisinden,165.0,3+1,Kilis,Merkez,Kilis,19 Mayıs  2025,3500000
Sahibinden,180.0,3+1,Kilis,Merkez,Kilis,26 Nisan  2025,1950000
Emlak-ofisinden,100.0,2+1,Afyonkarahisar,Sandıklı,Bilinmiyor,18 Mayıs  2025,2650000
Emlak-ofisinden,110.0,3+1,Afyonkarahisar,Merkez,Bilinmiyor,20 Mayıs  2025,3000000
Emlak-ofisinden,90.0,2+1,Bilecik,Osmaneli,Bilinmiyor,19 Mayıs  2025,1800000
Sahibinden,110.0,2+1,Van,Erciş,Bilinmiyor,10 Mayıs  2025,2650000
Emlak-ofisinden,225.0,4+1,Erzurum,Yakutiye,Lalapaşa,17 Mayıs  2025,5250000
Emlak-ofisinden,135.0,3+1,Diyarbakir,Bağlar,Alipınar,20 Mayıs  2025,3525000
Emlak-ofisinden,205.0,4+1,Erzurum,Yakutiye,Merkez,21 Mayıs  2025,3700000
Emlak-ofisinden,165.0,3+1,Diyarbakir,Yenişehir,Bilinmiyor,20 Mayıs  2025,1980000
Emlak-ofisinden,110.0,2+1,Kilis,Merkez,Kilis,10 Mayıs  2025,2100000
Sahibinden,60.0,1+1,Mugla,Dalaman,Bilinmiyor,15 Mayıs  2025,3050000
Emlak-ofisinden,85.0,2+1,Diyarbakir,Kayapınar,Bilinmiyor,24 Mayıs  2025,3360000
Emlak-ofisinden,115.0,2+1,Bilecik,Bozüyük,Bilinmiyor,24 Mayıs  2025,2200000
Emlak-ofisinden,148.0,3+1,Hatay,İskenderun,Denizciler,21 Mayıs  2025,2000000
Sahibinden,135.0,3+1,Osmaniye,Kadirli,Cemalpaşa,08 Mayıs  2025,1200000
Emlak-ofisinden,180.0,4+1,Erzurum,Palandöken,Yıldızkent,20 Mayıs  2025,4490000
Sahibinden,130.0,3+1,Bilecik,Merkez,Bilecik,05 Mayıs  2025,3550000
Emlak-ofisinden,160.0,3+1,Artvin,Arhavi,Bilinmiyor,14 Mayıs  2025,2485000
Emlak-ofisinden,165.0,3+1,Erzurum,Palandöken,Yıldızkent,23 Mayıs  2025,3950000
Emlak-ofisinden,130.0,3+1,Diyarbakir,Bağlar,Selahattineyyubi,19 Mayıs  2025,1400000
Emlak-ofisinden,165.0,3+1,Bilecik,Merkez,Bilecik,15 Mayıs  2025,3200000
Sahibinden,150.0,3+1,Samsun,Çarşamba,Bilinmiyor,06 Mayıs  2025,2760000
Sahibinden,65.0,1+1,Mugla,Milas,Güllük,23 Mayıs  2025,4550000
Sahibinden,320.0,6+1,Samsun,Canik,Bilinmiyor,20 Mayıs  2025,4500000
Emlak-ofisinden,87.0,2+1,Usak,Merkez,Bilinmiyor,24 Mayıs  2025,2325000
Emlak-ofisinden,108.0,2+1,Bilecik,Bozüyük,Bilinmiyor,23 Mayıs  2025,2725000
Sahibinden,130.0,3+1,Hatay,Defne,Merkez,21 Mayıs  2025,2575000
Emlak-ofisinden,225.0,4+1,Diyarbakir,Kayapınar,Bilinmiyor,24 Mayıs  2025,6200000
Emlak-ofisinden,230.0,5+2,Bayburt,Merkez,Bayburt,24 Mayıs  2025,4800000
Sahibinden,130.0,2+1,Kilis,Merkez,Kilis,04 Mayıs  2025,2500000
Emlak-ofisinden,105.0,2+1,Afyonkarahisar,Merkez,Dumlupınar,17 Mayıs  2025,1950000
Sahibinden,115.0,3+1,Afyonkarahisar,Bolvadin,Bilinmiyor,28 Nisan  2025,3100000
Emlak-ofisinden,170.0,3+1,Osmaniye,Kadirli,Cemalpaşa,15 Mayıs  2025,2950000
Emlak-ofisinden,200.0,4+1,Osmaniye,Merkez,Köyler,15 Mayıs  2025,5490000
Emlak-ofisinden,57.0,1+1,Osmaniye,Kadirli,Cemalpaşa,16 Mayıs  2025,1325000
Emlak-ofisinden,155.0,3+1,Erzurum,Yakutiye,Terminal,20 Mayıs  2025,2900000
Sahibinden,138.0,2+1,Hatay,Defne,Merkez,18 Mayıs  2025,2550000
Emlak-ofisinden,50.0,1+1,Afyonkarahisar,Merkez,Bilinmiyor,19 Mayıs  2025,1700000
Sahibinden,180.0,5+1,Istanbul,Eyüpsultan,Alibeyköy,24 Mayıs  2025,13000000
Sahibinden,110.0,2+1,Aydin,Kuşadası,Bilinmiyor,17 Mayıs  2025,3300000
Emlak-ofisinden,160.0,3+1,Diyarbakir,Kayapınar,Bilinmiyor,23 Mayıs  2025,6300000
Emlak-ofisinden,135.0,3+1,Erzurum,Palandöken,Yıldızkent,23 Mayıs  2025,3250000
Sahibinden,140.0,3+1,Hatay,Defne,Merkez,10 Mayıs  2025,3200000
Emlak-ofisinden,165.0,3+1,Bursa,Yıldırım,Duaçınarı,24 Mayıs  2025,4950000
Emlak-ofisinden,104.0,2+1,Usak,Merkez,Bilinmiyor,21 Mayıs  2025,2325000
Sahibinden,110.0,2+1,Istanbul,Esenyurt,Bilinmiyor,23 Mayıs  2025,2400000
Sahibinden,90.0,2+1,Istanbul,Esenyurt,Bilinmiyor,24 Mayıs  2025,1815000
Emlak-ofisinden,115.0,2+1,Osmaniye,Düziçi,Bilinmiyor,20 Mayıs  2025,2550000
Emlak-ofisinden,135.0,3.5+1,Diyarbakir,Kayapınar,Bilinmiyor,24 Mayıs  2025,5300000
Emlak-ofisinden,130.0,3+1,Erzurum,Aziziye,Merkez,23 Mayıs  2025,2000000
Sahibinden,95.0,2+1,Istanbul,Çatalca,Bilinmiyor,24 Mayıs  2025,4500000
Emlak-ofisinden,200.0,4+1,Erzurum,Aziziye,Merkez,22 Mayıs  2025,2200000
Emlak-ofisinden,130.0,3+1,Bilecik,Merkez,Bilecik,24 Mayıs  2025,2750000
Emlak-ofisinden,55.0,1+1,Bilecik,Merkez,Bilecik,13 Mayıs  2025,2100000
Emlak-ofisinden,220.0,4+1,Diyarbakir,Kayapınar,Bilinmiyor,21 Mayıs  2025,7250000
Sahibinden,600.0,2+1,Aydin,Nazilli,Sümer,22 Mayıs  2025,9850000
Sahibinden,125.0,2+1,Duzce,Merkez,Aziziye(Günlü),24 Mayıs  2025,2075000
Sahibinden,175.0,4+1,Samsun,Çarşamba,Bilinmiyor,26 Nisan  2025,3790000
Emlak-ofisinden,128.0,3+1,Bursa,Gemlik,Kurşunlu,23 Mayıs  2025,5750000
Sahibinden,170.0,3+1,Istanbul,Sancaktepe,Sarıgazi,24 Mayıs  2025,4500000
Emlak-ofisinden,85.0,2+0,Erzurum,Aziziye,Merkez,20 Mayıs  2025,2250000
Emlak-ofisinden,140.0,3+1,Bilecik,Söğüt,Bilinmiyor,11 Mayıs  2025,3300000
Sahibinden,110.0,2+1,Van,Tuşba,Merkez,08 Mayıs  2025,2400000
Emlak-ofisinden,170.0,4+1,Osmaniye,Merkez,Köyler,19 Mayıs  2025,5350000
Emlak-ofisinden,95.0,2+1,Diyarbakir,Bağlar,Alipınar,17 Mayıs  2025,3225000
Emlak-ofisinden,70.0,1+1,Bursa,Mudanya,Bilinmiyor,23 Mayıs  2025,3495000
Emlak-ofisinden,190.0,4+1,Erzurum,Yakutiye,İstasyon,23 Mayıs  2025,6500000
Emlak-ofisinden,90.0,2+1,Mugla,Menteşe,Merkez,17 Mayıs  2025,5200000
Sahibinden,90.0,2+1,Mugla,Milas,Ören,26 Nisan  2025,5250000
Sahibinden,70.0,1+1,Artvin,Merkez,Bilinmiyor,02 Nisan  2025,1980000
Emlak-ofisinden,145.0,3+1,Osmaniye,Merkez,Fatih,22 Mayıs  2025,3350000
Emlak-ofisinden,86.0,2+1,Artvin,Kemalpaşa,Merkez,15 Mayıs  2025,2500000
Emlak-ofisinden,300.0,4+1,Mugla,Bodrum,Göltürkbükü,24 Mayıs  2025,72500000
Sahibinden,115.0,2+1,Istanbul,Çekmeköy,Alemdağ(Alemdar),22 Mayıs  2025,12000000
Sahibinden,115.0,2+1,Ardahan,Çıldır,Bilinmiyor,05 Mayıs  2025,1450000
Emlak-ofisinden,130.0,3+1,Bilecik,Bozüyük,Bilinmiyor,15 Mayıs  2025,2100000
Sahibinden,153.0,3+1,Bilecik,Merkez,Bilecik,09 Mayıs  2025,4500000
Emlak-ofisinden,180.0,3+1,Hatay,Arsuz,Merkez,22 Mayıs  2025,4125000
Emlak-ofisinden,50.0,1+1,Osmaniye,Merkez,Köyler,16 Mayıs  2025,950000
Sahibinden,85.0,2+1,Usak,Merkez,Dokumacılar,22 Mayıs  2025,1800000
Emlak-ofisinden,105.0,2+1,Van,İpekyolu,Merkez,21 Mayıs  2025,2950000
Emlak-ofisinden,50.0,1+1,Samsun,Atakum,Bilinmiyor,20 Mayıs  2025,1395000
Emlak-ofisinden,130.0,3+1,Bilecik,Söğüt,Bilinmiyor,07 Mayıs  2025,3200000
Emlak-ofisinden,55.0,1+1,Kilis,Merkez,Kilis,03 Mayıs  2025,1150000
Emlak-ofisinden,135.0,3+1,Bilecik,Merkez,Bilecik,17 Mayıs  2025,2700000
Emlak-ofisinden,180.0,3+1,Diyarbakir,Kayapınar,Bilinmiyor,19 Mayıs  2025,2320000
Sahibinden,110.0,2+1,Samsun,Bafra,Bahçeler,01 Mayıs  2025,2750000
Emlak-ofisinden,195.0,4+1,Erzurum,Yakutiye,Merkez,20 Mayıs  2025,4625000
Sahibinden,132.0,3+1,Istanbul,Pendik,Esenyalı,24 Mayıs  2025,7250000
Emlak-ofisinden,155.0,3+1,Kilis,Merkez,Kilis,25 Mayıs  2025,2500000
Emlak-ofisinden,65.0,1+1,Van,İpekyolu,Merkez,24 Mayıs  2025,1520000
Emlak-ofisinden,55.0,1+1,Usak,Merkez,Yenisanayi,13 Mayıs  2025,1850000
Emlak-ofisinden,87.0,2+1,Diyarbakir,Yenişehir,Bilinmiyor,24 Mayıs  2025,3250000
Emlak-ofisinden,165.0,3+1,Usak,Merkez,Köyler,18 Mayıs  2025,4250000
Emlak-ofisinden,140.0,3+1,Bursa,Osmangazi,Tayakadın,23 Mayıs  2025,2819000
Emlak-ofisinden,95.0,2+1,Hatay,İskenderun,Cumhuriyet,21 Mayıs  2025,2450000
Emlak-ofisinden,150.0,3+1,Usak,Merkez,Yenisanayi,10 Mayıs  2025,6050000
Sahibinden,55.0,1+1,Samsun,Atakum,Bilinmiyor,15 Mayıs  2025,2100000
Emlak-ofisinden,70.0,2+1,Kilis,Merkez,Kilis,15 Mayıs  2025,735000
Emlak-ofisinden,200.0,4+1,Osmaniye,Merkez,Bilinmiyor,13 Mayıs  2025,3465000
Emlak-ofisinden,75.0,2+1,Kilis,Merkez,Kilis,11 Mayıs  2025,850000
Emlak-ofisinden,140.0,3+1,Bilecik,Bozüyük,Bilinmiyor,21 Mayıs  2025,4500000
Sahibinden,93.0,3+1,Istanbul,Tuzla,Tersaneler,22 Mayıs  2025,4850000
Emlak-ofisinden,155.0,3+1,Usak,Merkez,Bilinmiyor,24 Mayıs  2025,2650000
Emlak-ofisinden,95.0,2+1,Samsun,Bafra,Çarşı,22 Mayıs  2025,2270000
Emlak-ofisinden,50.0,1+1,Bilecik,Merkez,Bilecik,14 Mayıs  2025,1700000
Sahibinden,180.0,3+1,Hatay,Defne,Merkez,01 Mayıs  2025,3750000
Sahibinden,100.0,2+1,Hatay,Arsuz,Merkez,22 Mayıs  2025,2799000
Emlak-ofisinden,105.0,2+1,Bilecik,Bozüyük,Bilinmiyor,07 Mayıs  2025,2140000
Sahibinden,194.0,3+1,Samsun,Canik,Bilinmiyor,05 Mayıs  2025,4200000
Emlak-ofisinden,155.0,3.5+1,Istanbul,Kağıthane,Seyrantepe,24 Mayıs  2025,22500000
Sahibinden,161.0,3+1,Bilecik,Bozüyük,Bilinmiyor,12 Mayıs  2025,5500000
Sahibinden,98.0,2+1,Mugla,Bodrum,Gündoğan,10 Mayıs  2025,9250000
Sahibinden,100.0,2+1,Afyonkarahisar,Bolvadin,Bilinmiyor,25 Nisan  2025,2795000
Emlak-ofisinden,165.0,3+1,Bilecik,Merkez,Bilecik,15 Mayıs  2025,3200000
Sahibinden,300.0,4+1,Van,İpekyolu,Merkez,11 Mayıs  2025,4200000
Emlak-ofisinden,110.0,3+1,Bursa,Gemlik,Bilinmiyor,14 Mayıs  2025,2680000
Sahibinden,330.0,7+1,Afyonkarahisar,Merkez,Bilinmiyor,15 Mayıs  2025,7650000
Sahibinden,152.0,3+1,Hatay,Belen,Bilinmiyor,18 Mayıs  2025,4475000
Sahibinden,125.0,3+1,Samsun,İlkadım,Rasathane,28 Nisan  2025,3100000
Emlak-ofisinden,100.0,2+1,Usak,Merkez,Bilinmiyor,08 Mayıs  2025,1400000
Emlak-ofisinden,120.0,3+1,Afyonkarahisar,Merkez,Bilinmiyor,16 Mayıs  2025,3000000
Sahibinden,50.0,1+1,Samsun,Atakum,Bilinmiyor,09 Mayıs  2025,2450000
Emlak-ofisinden,40.0,1+1,Hatay,İskenderun,Cumhuriyet,20 Mayıs  2025,1450000
Emlak-ofisinden,220.0,4+1,Osmaniye,Kadirli,Cemalpaşa,17 Mayıs  2025,3500000
Sahibinden,200.0,3+2,Istanbul,Arnavutköy,Bilinmiyor,22 Mayıs  2025,6850000
Emlak-ofisinden,115.0,3+1,Erzurum,Yakutiye,Terminal,22 Mayıs  2025,850000
Emlak-ofisinden,100.0,2+1,Kilis,Merkez,Kilis,05 Mayıs  2025,2075000
Sahibinden,58.0,1+1,Kilis,Merkez,Kilis,09 Mayıs  2025,900000
Emlak-ofisinden,180.0,3+1,Diyarbakir,Bağlar,Alipınar,23 Mayıs  2025,5850000
Emlak-ofisinden,165.0,3+1,Diyarbakir,Kayapınar,Bilinmiyor,19 Mayıs  2025,3580000
Sahibinden,175.0,3+1,Hatay,İskenderun,Cumhuriyet,03 Mayıs  2025,4350000
Sahibinden,80.0,2+1,Kilis,Merkez,Kilis,17 Mayıs  2025,1225000
Emlak-ofisinden,70.0,2+1,Bilecik,Bozüyük,Bilinmiyor,21 Mayıs  2025,2425000
Emlak-ofisinden,160.0,3+1,Usak,Merkez,Yenisanayi,10 Mayıs  2025,3250000
Emlak-ofisinden,126.0,3+1,Erzurum,Aziziye,Merkez,19 Mayıs  2025,4250000
Emlak-ofisinden,120.0,2+1,Istanbul,Esenyurt,Bilinmiyor,24 Mayıs  2025,1490000
Emlak-ofisinden,150.0,3+1,Usak,Merkez,Dokumacılar,10 Mayıs  2025,3345000
Emlak-ofisinden,143.0,3+1,Bilecik,Merkez,Bilecik,17 Mayıs  2025,3750000
Emlak-ofisinden,160.0,3+1,Osmaniye,Merkez,Fatih,23 Mayıs  2025,2850000
Sahibinden,60.0,1+1,Mugla,Bodrum,Gündoğan,30 Nisan  2025,5650000
Sahibinden,120.0,3+1,Osmaniye,Kadirli,Dere,20 Mayıs  2025,2750000
Emlak-ofisinden,75.0,1+1,Usak,Merkez,Bilinmiyor,21 Mayıs  2025,2100000
Emlak-ofisinden,75.0,2+1,Usak,Merkez,Dokumacılar,14 Mayıs  2025,2400000
Sahibinden,110.0,2+1,Van,İpekyolu,Merkez,22 Mayıs  2025,3100000
Sahibinden,145.0,3+1,Istanbul,Bahçelievler,Soğanlı,24 Mayıs  2025,5150000
Sahibinden,110.0,3+1,Van,Erciş,Bilinmiyor,08 Mayıs  2025,1725000
Emlak-ofisinden,145.0,3+1,Tunceli,Merkez,Tunceli,03 Mayıs  2025,4250000
Sahibinden,45.0,1+1,Samsun,Atakum,Merkez,06 Mayıs  2025,2250000
Emlak-ofisinden,110.0,2+1,Bilecik,Bozüyük,Bilinmiyor,18 Mayıs  2025,2665000
Emlak-ofisinden,95.0,2+1,Usak,Merkez,Bilinmiyor,21 Mayıs  2025,2950000
Emlak-ofisinden,170.0,4+1,Bursa,Osmangazi,Demirtaş,24 Mayıs  2025,4280000
Emlak-ofisinden,215.0,2+1,Bursa,Nilüfer,Merkez,24 Mayıs  2025,4325000
Sahibinden,82.0,2+1,Samsun,Atakum,Köyler,30 Nisan  2025,8500000
Emlak-ofisinden,115.0,2+0,Kilis,Merkez,Bilinmiyor,01 Mayıs  2025,1650000
Emlak-ofisinden,155.0,3+1,Kilis,Merkez,Kilis,12 Mayıs  2025,675000
Emlak-ofisinden,135.0,3+1,Mugla,Fethiye,Ölüdeniz,24 Mayıs  2025,30500000
Sahibinden,160.0,3+1,Usak,Merkez,Yenisanayi,26 Nisan  2025,3750000
Sahibinden,140.0,3+1,Osmaniye,Bahçe,Bilinmiyor,24 Mayıs  2025,2250000
Sahibinden,100.0,2+1,Samsun,Atakum,Bilinmiyor,12 Mayıs  2025,4145000
Sahibinden,100.0,2+1,Hatay,Defne,Merkez,10 Mayıs  2025,3000000
Sahibinden,131.0,3+1,Van,Erciş,Bilinmiyor,22 Mayıs  2025,2650000
Sahibinden,167.0,3+1,Van,İpekyolu,Merkez,27 Nisan  2025,5000000
Emlak-ofisinden,155.0,3+1,Diyarbakir,Kayapınar,Bilinmiyor,23 Mayıs  2025,3990000
Sahibinden,88.0,2+0,Ardahan,Merkez,Ardahan,11 Mayıs  2025,2150000
Emlak-ofisinden,180.0,4+1,Erzurum,Yakutiye,İstasyon,21 Mayıs  2025,6200000
Sahibinden,150.0,4+1,Samsun,Terme,Hüseyinmescidi,28 Nisan  2025,3000000
Sahibinden,150.0,3+1,Usak,Merkez,Bilinmiyor,04 Mayıs  2025,2340000
Emlak-ofisinden,160.0,3+1,Samsun,Atakum,Köyler,24 Mayıs  2025,6750000
Sahibinden,125.0,3+1,Afyonkarahisar,Merkez,Çarşı,13 Mayıs  2025,3410000
Emlak-ofisinden,150.0,3.5+1,Diyarbakir,Kayapınar,Bilinmiyor,20 Mayıs  2025,5990000
Emlak-ofisinden,127.0,3+1,Kilis,Merkez,Kilis,20 Mayıs  2025,1825000
Emlak-ofisinden,130.0,3+1,Erzurum,Aziziye,Merkez,17 Mayıs  2025,600000
Sahibinden,165.0,3+1,Bilecik,Merkez,Bilecik,21 Mayıs  2025,5000000
Emlak-ofisinden,100.0,2.5+1,Diyarbakir,Yenişehir,Köyler,20 Mayıs  2025,3650000
Sahibinden,140.0,3+1,Bilecik,Merkez,Bilecik,12 Mayıs  2025,2600000
Emlak-ofisinden,77.0,2+1,Bursa,Nilüfer,Merkez,23 Mayıs  2025,3335000
Sahibinden,92.0,2+1,Bilecik,Bozüyük,Bilinmiyor,20 Mayıs  2025,1840000
Emlak-ofisinden,60.0,1+1,Afyonkarahisar,Merkez,Bilinmiyor,22 Mayıs  2025,2600000
Sahibinden,115.0,2+1,Mugla,Yatağan,Bilinmiyor,16 Mayıs  2025,2950000
Emlak-ofisinden,120.0,3+1,Afyonkarahisar,Merkez,Bilinmiyor,22 Mayıs  2025,2150000
Emlak-ofisinden,150.0,3+1,Diyarbakir,Yenişehir,Bilinmiyor,20 Mayıs  2025,2250000
Emlak-ofisinden,165.0,3+1,Usak,Merkez,Yenisanayi,12 Mayıs  2025,4750000
Emlak-ofisinden,153.0,2+1,Bursa,Yıldırım,Yeşilyayla,23 Mayıs  2025,3300000
Emlak-ofisinden,120.0,3+1,Osmaniye,Merkez,Fatih,19 Mayıs  2025,2000000
Sahibinden,192.0,3+1,Hatay,Arsuz,Merkez,01 Mayıs  2025,5900000
Emlak-ofisinden,80.0,1+1,Osmaniye,Merkez,Gebeli/Aslanlar,13 Mayıs  2025,1300000
Emlak-ofisinden,100.0,2+1,Bilecik,Merkez,Bilecik,09 Mayıs  2025,2000000
Sahibinden,140.0,2+1,Afyonkarahisar,Merkez,Çarşı,24 Nisan  2025,4250000
Sahibinden,160.0,3+1,Van,İpekyolu,Merkez,03 Mayıs  2025,3200000
Sahibinden,80.0,2+1,Kilis,Merkez,Kilis,12 Mayıs  2025,1550000
Emlak-ofisinden,60.0,2+0,Afyonkarahisar,Merkez,Köyler,14 Mayıs  2025,1390000
Emlak-ofisinden,105.0,2+1,Osmaniye,Toprakkale,Bilinmiyor,21 Mayıs  2025,1900000
Sahibinden,145.0,3+1,Mugla,Milas,Bilinmiyor,10 Mayıs  2025,4800000
Sahibinden,180.0,4+1,Afyonkarahisar,Bolvadin,Bilinmiyor,03 Mayıs  2025,3950000
Emlak-ofisinden,70.0,2+1,Kilis,Merkez,Kilis,05 Mayıs  2025,1050000
Sahibinden,130.0,3+1,Van,Erciş,Bilinmiyor,15 Mayıs  2025,3750000
Emlak-ofisinden,175.0,5+1,Mugla,Bodrum,Bitez,24 Mayıs  2025,17000000
Emlak-ofisinden,135.0,2+1,Osmaniye,Merkez,Bilinmiyor,16 Mayıs  2025,2250000
Emlak-ofisinden,67.0,1+1,Van,İpekyolu,Merkez,18 Mayıs  2025,1735000
Sahibinden,60.0,1+1,Van,Erciş,Bilinmiyor,22 Mayıs  2025,1900000
Emlak-ofisinden,155.0,3+1,Hatay,İskenderun,Sanayi,20 Mayıs  2025,3500000
Emlak-ofisinden,115.0,2+1,Bilecik,Pazaryeri,Bilinmiyor,21 Mayıs  2025,1675000
Emlak-ofisinden,200.0,4+1,Osmaniye,Merkez,Fatih,18 Mayıs  2025,6750000
Emlak-ofisinden,170.0,3+1,Bursa,Nilüfer,Merkez,24 Mayıs  2025,4890000
Emlak-ofisinden,95.0,2+1,Van,İpekyolu,Merkez,17 Mayıs  2025,1840000
Emlak-ofisinden,80.0,2+1,Bilecik,Merkez,Bilecik,10 Mayıs  2025,1850000
Emlak-ofisinden,145.0,3+1,Erzurum,Aziziye,Merkez,20 Mayıs  2025,2550000
Emlak-ofisinden,100.0,2+1,Diyarbakir,Yenişehir,Bilinmiyor,19 Mayıs  2025,3750000
Emlak-ofisinden,185.0,3+1,Van,İpekyolu,Merkez,19 Mayıs  2025,4200000
Sahibinden,150.0,3+1,Hatay,Dörtyol,Bilinmiyor,12 Mayıs  2025,4000000
Emlak-ofisinden,175.0,3+1,Osmaniye,Düziçi,Bilinmiyor,14 Mayıs  2025,3050000
Emlak-ofisinden,190.0,4+1,Erzurum,Aziziye,Merkez,17 Mayıs  2025,3750000
Sahibinden,65.0,2+0,Samsun,Atakum,Bilinmiyor,12 Mayıs  2025,2250000
Emlak-ofisinden,150.0,3+1,Diyarbakir,Bağlar,Alipınar,21 Mayıs  2025,3550000
Emlak-ofisinden,140.0,3+1,Usak,Merkez,Bilinmiyor,10 Mayıs  2025,3345000
Emlak-ofisinden,205.0,3+1,Bursa,Nilüfer,Merkez,23 Mayıs  2025,10250000
Emlak-ofisinden,160.0,4+1,Afyonkarahisar,Merkez,Bilinmiyor,17 Mayıs  2025,5500000
Emlak-ofisinden,180.0,3+1,Kilis,Merkez,Bilinmiyor,09 Mayıs  2025,3550000
Sahibinden,60.0,1+1,Samsun,Atakum,Kurupelit,17 Mayıs  2025,4000000
Sahibinden,140.0,3+1,Aydin,Efeler,Merkez,23 Mayıs  2025,2350000
Emlak-ofisinden,85.0,2+1,Mugla,Marmaris,Beldeler,18 Mayıs  2025,5950000
Sahibinden,175.0,3+1,Artvin,Borçka,Bilinmiyor,08 Mayıs  2025,5000000
Emlak-ofisinden,160.0,3+1,Van,İpekyolu,Merkez,21 Mayıs  2025,2550000
Emlak-ofisinden,155.0,3+1,Van,İpekyolu,Merkez,24 Mayıs  2025,3750000
Emlak-ofisinden,75.0,1+1,Kilis,Merkez,Kilis,12 Mayıs  2025,910000
Emlak-ofisinden,160.0,3+1,Bilecik,Bozüyük,Bilinmiyor,01 Mayıs  2025,2950000
Emlak-ofisinden,120.0,3+1,Erzurum,Aziziye,Merkez,19 Mayıs  2025,2675000
Emlak-ofisinden,60.0,2+0,Usak,Merkez,Bilinmiyor,15 Mayıs  2025,1580000
Emlak-ofisinden,110.0,2+1,Usak,Merkez,Bilinmiyor,21 Mayıs  2025,3000000
Emlak-ofisinden,170.0,4+1,Bilecik,Merkez,Bilecik,09 Mayıs  2025,3250000
Emlak-ofisinden,750.0,3+1,Erzurum,Uzundere,Bilinmiyor,24 Mayıs  2025,12500000
Emlak-ofisinden,120.0,2+1,Osmaniye,Düziçi,Bilinmiyor,22 Mayıs  2025,2200000
Emlak-ofisinden,75.0,2+1,Diyarbakir,Kayapınar,Bilinmiyor,24 Mayıs  2025,2230000
Emlak-ofisinden,165.0,3+1,Erzurum,Palandöken,Yıldızkent,23 Mayıs  2025,3080000
Emlak-ofisinden,130.0,3+1,Erzurum,Yakutiye,Merkez,17 Mayıs  2025,1899000
Sahibinden,125.0,3+1,Aydin,Kuşadası,Bilinmiyor,20 Mayıs  2025,6250000
Sahibinden,85.0,2+1,Istanbul,Esenyurt,Haramidere,24 Mayıs  2025,2950000
Emlak-ofisinden,55.0,2+0,Afyonkarahisar,Merkez,Köyler,23 Mayıs  2025,1335000
Emlak-ofisinden,55.0,1+1,Diyarbakir,Kayapınar,Bilinmiyor,20 Mayıs  2025,4450000
Emlak-ofisinden,300.0,5+2,Artvin,Arhavi,Bilinmiyor,19 Mayıs  2025,5500000
Sahibinden,118.0,2+1,Samsun,Vezirköprü,Gölköy,02 Mayıs  2025,2750000
Emlak-ofisinden,185.0,4+1,Erzurum,Yakutiye,İstasyon,24 Mayıs  2025,6750000
Emlak-ofisinden,175.0,5+1,Bursa,Nilüfer,İhsaniye,24 Mayıs  2025,7250000
Emlak-ofisinden,135.0,3+1,Erzurum,Palandöken,Yenişehir,20 Mayıs  2025,2495000
Sahibinden,150.0,2+1,Istanbul,Arnavutköy,Bilinmiyor,23 Mayıs  2025,3900000
Emlak-ofisinden,80.0,2+1,Mugla,Fethiye,Bilinmiyor,15 Mayıs  2025,4999999
Emlak-ofisinden,180.0,4+1,Afyonkarahisar,Merkez,Bilinmiyor,14 Mayıs  2025,7450000
Sahibinden,160.0,4+1,Aydin,Germencik,Ortaklar,11 Mayıs  2025,4250000
Emlak-ofisinden,118.0,2+1,Bilecik,Merkez,Bilecik,16 Mayıs  2025,3050000
Emlak-ofisinden,165.0,3+1,Kilis,Merkez,Bilinmiyor,15 Mayıs  2025,3450000
Emlak-ofisinden,120.0,3+1,Afyonkarahisar,Merkez,Bilinmiyor,19 Mayıs  2025,3550000
Emlak-ofisinden,180.0,3+1,Diyarbakir,Silvan,Bilinmiyor,23 Mayıs  2025,3800000
Emlak-ofisinden,201.0,4+1,Samsun,Tekkeköy,Bilinmiyor,16 Mayıs  2025,5200000
Emlak-ofisinden,125.0,3+1,Bilecik,Bozüyük,Bilinmiyor,14 Mayıs  2025,2550000
Emlak-ofisinden,75.0,2+1,Afyonkarahisar,Merkez,Bilinmiyor,22 Mayıs  2025,2200000
Sahibinden,60.0,1+1,Mugla,Dalaman,Bilinmiyor,18 Mayıs  2025,3600000
Emlak-ofisinden,105.0,2+1,Bilecik,Merkez,Bilecik,24 Mayıs  2025,2550000
Sahibinden,320.0,5+1,Istanbul,Esenyurt,Bilinmiyor,22 Mayıs  2025,5300000
Sahibinden,75.0,1+1,Afyonkarahisar,Dazkırı,Bilinmiyor,01 Mayıs  2025,1900000
Emlak-ofisinden,60.0,2+1,Osmaniye,Merkez,Köyler,14 Mayıs  2025,950000
Emlak-ofisinden,65.0,1+1,Bilecik,Merkez,Bilecik,06 Mayıs  2025,1425000
Sahibinden,90.0,2+1,Istanbul,Beylikdüzü,Yakuplu,09 Mayıs  2025,4150000
Emlak-ofisinden,90.0,2+1,Bilecik,Merkez,Bilecik,09 Mayıs  2025,2350000
Sahibinden,80.0,2+1,Mugla,Bodrum,Bitez,21 Mayıs  2025,9250000
Sahibinden,92.0,2+1,Istanbul,Silivri,Bilinmiyor,24 Mayıs  2025,3000000
Emlak-ofisinden,150.0,3+1,Bursa,Gemlik,Bilinmiyor,24 Mayıs  2025,1930000
Sahibinden,145.0,3+1,Samsun,Atakum,Bilinmiyor,24 Mayıs  2025,4250000
Sahibinden,235.0,4+1,Van,Edremit,Merkez,16 Mayıs  2025,5900000
Emlak-ofisinden,165.0,3+1,Kilis,Merkez,Kilis,30 Nisan  2025,3200000
Emlak-ofisinden,160.0,3+1,Erzurum,Yakutiye,Terminal,22 Mayıs  2025,2850000
Emlak-ofisinden,95.0,2+1,Hatay,İskenderun,Cumhuriyet,21 Mayıs  2025,2450000
Emlak-ofisinden,130.0,2+1,Bursa,İnegöl,Alanyurt,23 Mayıs  2025,3200000
Sahibinden,180.0,3+1,Usak,Merkez,Bilinmiyor,19 Mayıs  2025,3750000
Emlak-ofisinden,55.0,1+1,Kilis,Merkez,Kilis,29 Nisan  2025,885000
Emlak-ofisinden,45.0,1+1,Diyarbakir,Yenişehir,Bilinmiyor,21 Mayıs  2025,1645000
Sahibinden,55.0,1+1,Samsun,Atakum,Bilinmiyor,09 Mayıs  2025,1850000
Emlak-ofisinden,120.0,2+1,Usak,Merkez,Dokumacılar,17 Mayıs  2025,2750000
Emlak-ofisinden,60.0,1+1,Hatay,İskenderun,Cumhuriyet,23 Mayıs  2025,1420000
Emlak-ofisinden,85.0,2+1,Diyarbakir,Kayapınar,Bilinmiyor,22 Mayıs  2025,2675000
Emlak-ofisinden,105.0,2+1,Osmaniye,Kadirli,Cemalpaşa,12 Mayıs  2025,1780000
Sahibinden,90.0,2+1,Aydin,Efeler,Merkez,12 Mayıs  2025,3000000
Sahibinden,210.0,4+1,Samsun,Atakum,Bilinmiyor,29 Nisan  2025,18500000
Sahibinden,90.0,2+1,Hatay,İskenderun,Meydan,18 Mayıs  2025,3000000
Sahibinden,90.0,2+1,Istanbul,Sultanbeyli,Mehmetakif,24 Mayıs  2025,5450000
Emlak-ofisinden,120.0,2+1,Kilis,Merkez,Bilinmiyor,12 Mayıs  2025,2700000
Emlak-ofisinden,120.0,3+1,Afyonkarahisar,Merkez,Bilinmiyor,18 Mayıs  2025,1790000
Emlak-ofisinden,120.0,3+1,Van,İpekyolu,Merkez,24 Mayıs  2025,2070000
Emlak-ofisinden,155.0,3+1,Erzurum,Yakutiye,Terminal,18 Mayıs  2025,3250000
Emlak-ofisinden,120.0,2+1,Kilis,Merkez,Kilis,10 Mayıs  2025,2600000
Emlak-ofisinden,100.0,2+1,Usak,Merkez,Bilinmiyor,07 Mayıs  2025,1870000
Sahibinden,45.0,1+1,Van,İpekyolu,Merkez,28 Nisan  2025,1580000
Sahibinden,130.0,3+1,Bilecik,Merkez,Bilecik,26 Nisan  2025,1650000
Emlak-ofisinden,250.0,3+1,Hatay,Arsuz,Merkez,21 Mayıs  2025,6000000
Emlak-ofisinden,145.0,3+1,Erzurum,Aziziye,Merkez,19 Mayıs  2025,1700000
Emlak-ofisinden,130.0,3+1,Artvin,Arhavi,Bilinmiyor,10 Mayıs  2025,2500000
Emlak-ofisinden,150.0,3.5+1,Diyarbakir,Sur,Kıtılbır,19 Mayıs  2025,4330000
Emlak-ofisinden,135.0,3+1,Osmaniye,Merkez,Bilinmiyor,19 Mayıs  2025,1959000
Emlak-ofisinden,135.0,3+1,Artvin,Arhavi,Bilinmiyor,21 Mayıs  2025,3350000
Emlak-ofisinden,155.0,3+1,Van,İpekyolu,Merkez,24 Mayıs  2025,4650000
Sahibinden,160.0,3+1,Hatay,Altınözü,Bilinmiyor,28 Nisan  2025,2200000
Sahibinden,90.0,2+1,Aydin,Didim,Yenihisar,24 Mayıs  2025,3400000
Sahibinden,84.0,2+1,Istanbul,Maltepe,Zümrütevler,24 Mayıs  2025,5550000
Sahibinden,50.0,1+1,Samsun,Atakum,Kurupelit,11 Mayıs  2025,2225000
Emlak-ofisinden,40.0,1+1,Hatay,Arsuz,Merkez,21 Mayıs  2025,1440000
Emlak-ofisinden,817.0,5+1,Usak,Merkez,Yenisanayi,16 Mayıs  2025,8500000
Sahibinden,130.0,3+1,Istanbul,Gaziosmanpaşa,Fevziçakmak,23 Mayıs  2025,7450000
Sahibinden,135.0,3+1,Istanbul,Maltepe,Cevizli,22 Mayıs  2025,15950000
Emlak-ofisinden,80.0,2+1,Tunceli,Merkez,Tunceli,27 Nisan  2025,3200000
Emlak-ofisinden,1.1,2+1,Mugla,Fethiye,Ölüdeniz,24 Mayıs  2025,5750000
Sahibinden,138.0,3+1,Van,Erciş,Bilinmiyor,30 Nisan  2025,2900000
Sahibinden,70.0,1+1,Istanbul,Büyükçekmece,Celaliye(Kamiloba),23 Mayıs  2025,1670000
Sahibinden,107.0,3+1,Mugla,Bodrum,Turgutreis,02 Mayıs  2025,8100000
Emlak-ofisinden,105.0,2+1,Erzurum,Aziziye,Merkez,21 Mayıs  2025,2650000
Emlak-ofisinden,85.0,2+1,Afyonkarahisar,Merkez,Bilinmiyor,24 Mayıs  2025,2850000
Emlak-ofisinden,185.0,4+1,Osmaniye,Merkez,Bilinmiyor,10 Mayıs  2025,5950000
Emlak-ofisinden,182.0,3+1,Osmaniye,Kadirli,Cemalpaşa,20 Mayıs  2025,3650000
Sahibinden,5.569,2+0,Aydin,Söke,Bilinmiyor,20 Mayıs  2025,1950000
Sahibinden,165.0,3+1,Osmaniye,Merkez,Bilinmiyor,20 Mayıs  2025,1600000
Sahibinden,170.0,2+2,Istanbul,Gaziosmanpaşa,Küçükköy,24 Mayıs  2025,6100000
Emlak-ofisinden,130.0,3+1,Artvin,Hopa,Bilinmiyor,01 Mayıs  2025,1850000
Emlak-ofisinden,85.0,2+1,Diyarbakir,Bağlar,Alipınar,24 Mayıs  2025,3050000
Emlak-ofisinden,140.0,3+1,Bursa,Yıldırım,Emirsultan,23 Mayıs  2025,2850000
Emlak-ofisinden,55.0,1+1,Istanbul,Kağıthane,Gültepe,24 Mayıs  2025,3100000
Emlak-ofisinden,180.0,4+1,Erzurum,Palandöken,Yıldızkent,23 Mayıs  2025,4840000
Sahibinden,115.0,2+0,Osmaniye,Kadirli,Cemalpaşa,21 Mayıs  2025,1750000
Sahibinden,100.0,2+1,Istanbul,Gaziosmanpaşa,Bilinmiyor,23 Mayıs  2025,3500000
Emlak-ofisinden,160.0,4+1,Erzurum,Yakutiye,Terminal,20 Mayıs  2025,3500000
Sahibinden,180.0,3+1,Aydin,Nazilli,Altıntaş,16 Mayıs  2025,6750000
Emlak-ofisinden,50.0,1+1,Afyonkarahisar,Bolvadin,Bilinmiyor,20 Mayıs  2025,1275000
Sahibinden,95.0,3+1,Istanbul,Silivri,Bilinmiyor,23 Mayıs  2025,3050000
Emlak-ofisinden,130.0,3+1,Mugla,Seydikemer,Merkez,24 Mayıs  2025,4450000
Sahibinden,140.0,2+1,Istanbul,Beylikdüzü,Yakuplu,23 Mayıs  2025,3490000
Emlak-ofisinden,75.0,2+1,Diyarbakir,Sur,Merkez,23 Mayıs  2025,1585000
Emlak-ofisinden,145.0,2+1,Bursa,Nilüfer,Merkez,23 Mayıs  2025,4950000
Sahibinden,230.0,4+1,Van,İpekyolu,Merkez,20 Mayıs  2025,2150000
Sahibinden,80.0,2+1,Istanbul,Avcılar,Bilinmiyor,24 Mayıs  2025,3350000
Sahibinden,155.0,3+1,Osmaniye,Merkez,Fatih,04 Mayıs  2025,2250000
Emlak-ofisinden,95.0,1+1,Bursa,Nilüfer,Ertuğrul,23 Mayıs  2025,4299000
Emlak-ofisinden,190.0,3+1,Usak,Merkez,Bilinmiyor,19 Mayıs  2025,2550000
Emlak-ofisinden,124.0,2+1,Kilis,Merkez,Bilinmiyor,02 Mayıs  2025,2350000
Sahibinden,100.0,2+1,Bilecik,Merkez,Bilecik,20 Mayıs  2025,2150000
Sahibinden,90.0,1+1,Hatay,Arsuz,Merkez,30 Nisan  2025,2300000
Emlak-ofisinden,430.0,6+1,Bilecik,Merkez,Bilecik,28 Nisan  2025,5895000
Sahibinden,200.0,4+1,Istanbul,Başakşehir,Bahçeşehir,22 Mayıs  2025,11950000
Sahibinden,90.0,2+1,Afyonkarahisar,Çay,Bilinmiyor,18 Mayıs  2025,2000000
Emlak-ofisinden,118.0,2+1,Hakkari,Yüksekova,Bilinmiyor,07 Mayıs  2025,1450000
Emlak-ofisinden,217.0,4+1,Usak,Merkez,Yenisanayi,13 Mayıs  2025,4450000
Emlak-ofisinden,160.0,3+1,Bursa,İnegöl,Alanyurt,23 Mayıs  2025,4050000
Emlak-ofisinden,300.0,5+1,Bursa,Mudanya,Güzelyalı,24 Mayıs  2025,5200000
Sahibinden,150.0,3+1,Mugla,Menteşe,Merkez,01 Mayıs  2025,11250000
Sahibinden,130.0,3+1,Artvin,Yusufeli,Bilinmiyor,02 Mayıs  2025,3000000
Sahibinden,220.0,3+1,Van,İpekyolu,Merkez,25 Nisan  2025,3480000
Sahibinden,163.0,3+1,Samsun,Canik,Bilinmiyor,02 Mayıs  2025,3900000
Emlak-ofisinden,165.0,3+1,Bayburt,Merkez,Bayburt,15 Mayıs  2025,3100000
Sahibinden,165.0,3+1,Aydin,Söke,Bilinmiyor,14 Mayıs  2025,3700000
Sahibinden,101.0,2+1,Ardahan,Merkez,Ardahan,21 Mayıs  2025,2400000
Sahibinden,107.0,2+1,Istanbul,Sultangazi,Cebeci,22 Mayıs  2025,7001453
Emlak-ofisinden,110.0,3+1,Afyonkarahisar,Merkez,Bilinmiyor,17 Mayıs  2025,2100000
Sahibinden,200.0,2+2,Aydin,Kuşadası,Bilinmiyor,15 Mayıs  2025,9000000
Emlak-ofisinden,170.0,3+1,Hatay,Dörtyol,Bilinmiyor,20 Mayıs  2025,3200000
Emlak-ofisinden,65.0,2+1,Usak,Merkez,Dokumacılar,11 Mayıs  2025,1820000
Emlak-ofisinden,110.0,2+1,Bilecik,Bozüyük,Bilinmiyor,19 Mayıs  2025,3150000
Emlak-ofisinden,200.0,4+1,Osmaniye,Merkez,Gebeli/Aslanlar,22 Mayıs  2025,2170000
Sahibinden,125.0,3+1,Mugla,Fethiye,Bilinmiyor,13 Mayıs  2025,7500000
Emlak-ofisinden,100.0,2+1,Mugla,Milas,Köyler,24 Mayıs  2025,6000000
Sahibinden,60.0,1+1,Osmaniye,Merkez,Köyler,06 Mayıs  2025,715000
Emlak-ofisinden,67.0,2+1,Erzurum,Palandöken,Yıldızkent,23 Mayıs  2025,1995000
Emlak-ofisinden,65.0,2+1,Mugla,Milas,Güllük,24 Mayıs  2025,3670000
Emlak-ofisinden,170.0,4+1,Bilecik,Bozüyük,Bilinmiyor,07 Mayıs  2025,3300000
Sahibinden,100.0,2+1,Mugla,Seydikemer,Merkez,07 Mayıs  2025,3500000
Sahibinden,51.0,1+1,Mugla,Dalaman,Bilinmiyor,26 Nisan  2025,2975000
Sahibinden,150.0,3+1,Hatay,Payas,Merkez,11 Mayıs  2025,2100000
Emlak-ofisinden,130.0,3+1,Diyarbakir,Kayapınar,Bilinmiyor,21 Mayıs  2025,3750000
Sahibinden,65.0,1+1,Samsun,Canik,Bilinmiyor,06 Mayıs  2025,4400000
Emlak-ofisinden,135.0,3+1,Bilecik,Bozüyük,Bilinmiyor,16 Mayıs  2025,2300000
Sahibinden,135.0,3+1,Ardahan,Merkez,Ardahan,23 Mayıs  2025,2835000
Emlak-ofisinden,90.0,2+1,Afyonkarahisar,Merkez,Harbiş,19 Mayıs  2025,2850000
Emlak-ofisinden,175.0,4+1,Osmaniye,Merkez,Fatih,20 Mayıs  2025,2150000
Emlak-ofisinden,190.0,4+1,Usak,Merkez,Yenisanayi,19 Mayıs  2025,4300000
Emlak-ofisinden,193.0,3+1,Bursa,Nilüfer,Merkez,24 Mayıs  2025,6380000
Emlak-ofisinden,125.0,3+1,Bayburt,Merkez,Bayburt,22 Mayıs  2025,1690000
Emlak-ofisinden,50.0,1+1,Usak,Merkez,Dokumacılar,19 Mayıs  2025,1300000
Emlak-ofisinden,65.0,2+0,Usak,Merkez,Bilinmiyor,19 Mayıs  2025,1500000
Emlak-ofisinden,155.0,3+1,Diyarbakir,Yenişehir,Bilinmiyor,23 Mayıs  2025,1650000
Emlak-ofisinden,193.0,5+1,Afyonkarahisar,Merkez,Bilinmiyor,20 Mayıs  2025,6200000
Emlak-ofisinden,180.0,3+1,Kilis,Merkez,Kilis,24 Mayıs  2025,1750000
Emlak-ofisinden,218.0,4+1,Kilis,Merkez,Kilis,09 Mayıs  2025,2875000
Emlak-ofisinden,470.0,6+1,Usak,Merkez,Yenisanayi,13 Mayıs  2025,7000000
Sahibinden,100.0,2+1,Samsun,Canik,Bilinmiyor,05 Mayıs  2025,3000000
Emlak-ofisinden,170.0,3+1,Kilis,Merkez,Bilinmiyor,14 Mayıs  2025,3850000
Sahibinden,85.0,2+1,Usak,Merkez,Bilinmiyor,10 Mayıs  2025,1200000
Emlak-ofisinden,70.0,1+1,Bilecik,Merkez,Bilecik,15 Mayıs  2025,1750000
Sahibinden,100.0,2+1,Hatay,İskenderun,Köyler,05 Mayıs  2025,3500000
Sahibinden,110.0,3+1,Aydin,Efeler,Merkez,19 Mayıs  2025,1875000
Emlak-ofisinden,160.0,3+1,Van,İpekyolu,Merkez,17 Mayıs  2025,4950000
Emlak-ofisinden,60.0,1+1,Bilecik,Merkez,Bilecik,12 Mayıs  2025,1400000
Emlak-ofisinden,125.0,2+1,Bilecik,Merkez,Bilecik,06 Mayıs  2025,2100000
Sahibinden,120.0,3+1,Aydin,Nazilli,Köyler,16 Mayıs  2025,2100000
Sahibinden,95.0,2+1,Van,İpekyolu,Merkez,28 Nisan  2025,2950000
Sahibinden,130.0,3+1,Samsun,İlkadım,Rasathane,06 Mayıs  2025,2200000
Sahibinden,105.0,2+1,Samsun,Yakakent,Bilinmiyor,17 Mayıs  2025,2300000
Emlak-ofisinden,150.0,3+1,Bilecik,Merkez,Bilecik,20 Mayıs  2025,2990000
Sahibinden,150.0,3+1,Hatay,İskenderun,Sanayi,04 Mayıs  2025,2490000
Sahibinden,115.0,3+1,Samsun,Ladik,Bilinmiyor,10 Mayıs  2025,2550000
Emlak-ofisinden,150.0,3+1,Diyarbakir,Kayapınar,Bilinmiyor,23 Mayıs  2025,4900000
Sahibinden,130.0,3+1,Osmaniye,Merkez,Bilinmiyor,14 Mayıs  2025,3500000
Emlak-ofisinden,140.0,3+1,Ardahan,Merkez,Ardahan,02 Mayıs  2025,2800000
Emlak-ofisinden,135.0,2+1,Kilis,Merkez,Bilinmiyor,11 Mayıs  2025,2290000
Emlak-ofisinden,145.0,3+1,Artvin,Arhavi,Bilinmiyor,11 Mayıs  2025,1675000
Sahibinden,170.0,4+2,Istanbul,Sancaktepe,Yenidoğan,24 Mayıs  2025,5650000
Sahibinden,97.0,2+1,Hatay,İskenderun,Köyler,30 Nisan  2025,2700000
Emlak-ofisinden,110.0,2+1,Bilecik,Merkez,Bilecik,01 Mayıs  2025,2050000
Sahibinden,120.0,3+1,Bilecik,İnhisar,Bilinmiyor,27 Nisan  2025,2550000
Sahibinden,185.0,3+1,Van,İpekyolu,Merkez,26 Nisan  2025,2350000
Sahibinden,250.0,4+1,Hatay,İskenderun,Meydan,28 Nisan  2025,5750000
Sahibinden,150.0,3+1,Samsun,Atakum,Atakent,25 Mayıs  2025,3690000
Emlak-ofisinden,135.0,3+1,Bilecik,Merkez,Bilecik,17 Mayıs  2025,2700000
Sahibinden,95.0,2+1,Istanbul,Kağıthane,Çağlayan,24 Mayıs  2025,4300000
Emlak-ofisinden,60.0,1+1,Mugla,Datça,Köyler,24 Mayıs  2025,6000000
Sahibinden,50.0,1+1,Hatay,Antakya,Merkez,29 Nisan  2025,1440000
Sahibinden,135.0,3+1,Mugla,Dalaman,Bilinmiyor,18 Mayıs  2025,5250000
Emlak-ofisinden,217.0,4+1,Erzurum,Yakutiye,Lalapaşa,18 Mayıs  2025,2100000
Emlak-ofisinden,105.0,3+1,Artvin,Borçka,Bilinmiyor,01 Mayıs  2025,1950000
Sahibinden,125.0,3+1,Mugla,Yatağan,Bilinmiyor,19 Mayıs  2025,3897000
Emlak-ofisinden,150.0,3+1,Usak,Merkez,Bilinmiyor,22 Mayıs  2025,3750000
Sahibinden,170.0,3+1,Usak,Merkez,Bilinmiyor,17 Mayıs  2025,3150000
Sahibinden,140.0,3+1,Bilecik,Bozüyük,Bilinmiyor,19 Mayıs  2025,3300000
Sahibinden,150.0,3+1,Ardahan,Merkez,Ardahan,21 Mayıs  2025,3150000
Emlak-ofisinden,85.0,2+1,Mugla,Bodrum,Mumcular,15 Mayıs  2025,4500000
Sahibinden,125.0,3+1,Aydin,Efeler,Merkez,18 Mayıs  2025,2950000
Sahibinden,145.0,3+1,Hatay,Belen,Bilinmiyor,04 Mayıs  2025,4750000
Emlak-ofisinden,225.0,4+1,Diyarbakir,Kayapınar,Bilinmiyor,19 Mayıs  2025,6420000
Sahibinden,120.0,2+1,Samsun,Atakum,Köyler,20 Mayıs  2025,5050000
Sahibinden,110.0,2+1,Samsun,İlkadım,Rasathane,23 Mayıs  2025,2200000
Sahibinden,100.0,2+1,Istanbul,Esenyurt,Bilinmiyor,23 Mayıs  2025,3200000
Sahibinden,165.0,3+1,Aydin,Efeler,Merkez,11 Mayıs  2025,4750000
Emlak-ofisinden,60.0,1+1,Bursa,Nilüfer,Görükle,19 Mayıs  2025,2050000
Sahibinden,160.0,3+1,Usak,Merkez,Bilinmiyor,28 Nisan  2025,2450000
Emlak-ofisinden,125.0,3+1,Bilecik,Bozüyük,Bilinmiyor,27 Nisan  2025,3250000
Emlak-ofisinden,225.0,4+1,Osmaniye,Merkez,Bilinmiyor,17 Mayıs  2025,4250000
Sahibinden,45.0,1+1,Duzce,Merkez,Konuralp,24 Mayıs  2025,1520000
Sahibinden,150.0,3+1,Usak,Merkez,Yenisanayi,23 Mayıs  2025,3400000
Sahibinden,100.0,2+1,Artvin,Arhavi,Bilinmiyor,06 Mayıs  2025,520000
Sahibinden,160.0,3+1,Van,Tuşba,Merkez,11 Mayıs  2025,3400000
Sahibinden,185.0,3+1,Kilis,Merkez,Kilis,10 Mayıs  2025,2730000
Emlak-ofisinden,64.0,2+1,Bursa,Nilüfer,Görükle,21 Mayıs  2025,2690000
Emlak-ofisinden,45.0,1+1,Bilecik,Merkez,Bilecik,10 Mayıs  2025,1625000
Sahibinden,60.0,1+1,Van,İpekyolu,Merkez,13 Mayıs  2025,1450000
Emlak-ofisinden,155.0,3+1,Istanbul,Beylikdüzü,Yakuplu,24 Mayıs  2025,4499000
Sahibinden,190.0,3+1,Van,İpekyolu,Merkez,25 Nisan  2025,4325000
Emlak-ofisinden,125.0,3+1,Erzurum,Palandöken,Yenişehir,15 Mayıs  2025,2300000
Emlak-ofisinden,110.0,3+1,Bursa,Nilüfer,Ertuğrul,23 Mayıs  2025,3180000
Sahibinden,115.0,2+1,Istanbul,Esenyurt,Bilinmiyor,24 Mayıs  2025,1599999
Sahibinden,90.0,2+1,Artvin,Borçka,Bilinmiyor,02 Mayıs  2025,750000
Emlak-ofisinden,145.0,3+1,Diyarbakir,Bağlar,Alipınar,21 Mayıs  2025,3300000
Sahibinden,90.0,1+1,Mugla,Ortaca,Bilinmiyor,14 Mayıs  2025,3750000
Sahibinden,135.0,3+1,Afyonkarahisar,Çay,Bilinmiyor,08 Mayıs  2025,2900000
Sahibinden,120.0,3+1,Bilecik,Söğüt,Bilinmiyor,22 Mayıs  2025,2555000
Emlak-ofisinden,155.0,3+1,Diyarbakir,Bağlar,Alipınar,19 Mayıs  2025,2650000
Emlak-ofisinden,160.0,3+1,Bilecik,Pazaryeri,Bilinmiyor,27 Nisan  2025,3100000
Sahibinden,180.0,3+1,Mugla,Marmaris,Beldeler,17 Mayıs  2025,12000000
Sahibinden,145.0,3+1,Hatay,İskenderun,Sanayi,18 Mayıs  2025,3450000
Sahibinden,82.0,2+1,Sinop,Gerze,Bilinmiyor,22 Mayıs  2025,2900000
Sahibinden,150.0,3+1,Ardahan,Merkez,Ardahan,04 Mayıs  2025,2550000
Emlak-ofisinden,160.0,3+1,Usak,Merkez,Bilinmiyor,16 Mayıs  2025,1950000
Emlak-ofisinden,200.0,4+1,Hatay,Dörtyol,Bilinmiyor,22 Mayıs  2025,4500000
Sahibinden,85.0,1.5+1,Istanbul,Beylikdüzü,Yakuplu,23 Mayıs  2025,2150000
Sahibinden,55.0,1+1,Hatay,İskenderun,Meydan,13 Mayıs  2025,1725000
Emlak-ofisinden,125.0,3+1,Mugla,Milas,Bilinmiyor,24 Mayıs  2025,6000000
Emlak-ofisinden,135.0,3+1,Bilecik,Bozüyük,Bilinmiyor,11 Mayıs  2025,3400000
Emlak-ofisinden,165.0,3.5+1,Istanbul,Beylikdüzü,Gürpınar,24 Mayıs  2025,4365000
Emlak-ofisinden,65.0,1+1,Bilecik,Merkez,Bilecik,30 Nisan  2025,1500000
Sahibinden,155.0,3+1,Aydin,Köşk,Bilinmiyor,16 Mayıs  2025,4300000
Emlak-ofisinden,165.0,3+1,Erzurum,Yakutiye,İstasyon,21 Mayıs  2025,3450000
Emlak-ofisinden,189.0,4+1,Erzurum,Palandöken,Bilinmiyor,20 Mayıs  2025,2490000
Emlak-ofisinden,119.0,3+1,Erzurum,Yakutiye,Yağan,16 Mayıs  2025,3300000
Emlak-ofisinden,115.0,2+1,Afyonkarahisar,Dazkırı,Bilinmiyor,22 Mayıs  2025,1750000
Sahibinden,220.0,3+1,Kilis,Merkez,Kilis,24 Mayıs  2025,2200000
Sahibinden,110.0,2+1,Aydin,Efeler,Merkez,24 Mayıs  2025,3750000
Sahibinden,280.0,4+1,Aydin,Kuşadası,Bilinmiyor,22 Mayıs  2025,9500000
Sahibinden,147.0,3+1,Bingol,Merkez,Bingöl,09 Mayıs  2025,4000000
Emlak-ofisinden,145.0,3+1,Bilecik,Bozüyük,Bilinmiyor,20 Mayıs  2025,3200000
Sahibinden,175.0,3+1,Hatay,Arsuz,Merkez,15 Mayıs  2025,7150000
Emlak-ofisinden,195.0,3+1,Erzurum,Yakutiye,Lalapaşa,22 Mayıs  2025,2900000
Sahibinden,160.0,3+1,Bingol,Solhan,Bilinmiyor,25 Mayıs  2025,2300000
Sahibinden,170.0,3+1,Osmaniye,Düziçi,Bilinmiyor,11 Mayıs  2025,2300000
Emlak-ofisinden,170.0,3.5+1,Diyarbakir,Kayapınar,Bilinmiyor,24 Mayıs  2025,5190000
Emlak-ofisinden,110.0,2+1,Usak,Merkez,Yenisanayi,17 Mayıs  2025,2800000
Emlak-ofisinden,210.0,4+1,Erzurum,Palandöken,Yıldızkent,21 Mayıs  2025,6250000
Sahibinden,60.0,1+1,Bilecik,Merkez,Bilecik,10 Mayıs  2025,1850000
Emlak-ofisinden,120.0,3+1,Afyonkarahisar,Merkez,Harbiş,20 Mayıs  2025,1875000
Sahibinden,140.0,3+1,Usak,Merkez,Bilinmiyor,15 Mayıs  2025,2350000
Emlak-ofisinden,125.0,2+1,Bursa,Yıldırım,Arabayatağı,11 Mayıs  2025,3160000
Sahibinden,115.0,3+1,Aydin,Nazilli,Altıntaş,16 Mayıs  2025,2500000
Emlak-ofisinden,80.0,2+1,Usak,Merkez,Bilinmiyor,12 Mayıs  2025,1350000
Emlak-ofisinden,165.0,3+1,Bursa,Osmangazi,Çekirge,12 Mayıs  2025,4750000
Emlak-ofisinden,150.0,4+1,Bilecik,Merkez,Bilecik,01 Mayıs  2025,3610000
Emlak-ofisinden,110.0,2+1,Bursa,Osmangazi,Soğanlı,23 Mayıs  2025,4950000
Sahibinden,107.0,2+1,Istanbul,Eyüpsultan,Alibeyköy,22 Mayıs  2025,8300000
Sahibinden,70.0,2+1,Istanbul,Avcılar,Bilinmiyor,22 Mayıs  2025,2400000
Emlak-ofisinden,145.0,3+1,Usak,Merkez,Dokumacılar,19 Mayıs  2025,2250000
Sahibinden,145.0,3+1,Van,İpekyolu,Merkez,22 Mayıs  2025,3000000
Emlak-ofisinden,115.0,2+1,Bursa,Osmangazi,Ulucami,24 Mayıs  2025,2500000
Emlak-ofisinden,151.0,3+1,Kilis,Merkez,Kilis,15 Mayıs  2025,1850000
Sahibinden,110.0,2+1,Samsun,Canik,Bilinmiyor,03 Mayıs  2025,3200000
Emlak-ofisinden,85.0,2+1,Hatay,Antakya,Merkez,22 Mayıs  2025,1050000
Sahibinden,90.0,2+1,Istanbul,Şişli,Okmeydanı,24 Mayıs  2025,1750000
Emlak-ofisinden,210.0,4+1,Afyonkarahisar,Merkez,Dumlupınar,19 Mayıs  2025,3650000
Emlak-ofisinden,115.0,2+1,Osmaniye,Kadirli,Cemalpaşa,16 Mayıs  2025,1700000
Emlak-ofisinden,100.0,2+1,Diyarbakir,Bağlar,Alipınar,21 Mayıs  2025,3385000
Sahibinden,120.0,2+1,Usak,Banaz,Bilinmiyor,17 Mayıs  2025,2400000
Emlak-ofisinden,98.0,2+1,Diyarbakir,Bağlar,Alipınar,21 Mayıs  2025,6520000
Sahibinden,90.0,2+1,Istanbul,Büyükçekmece,Bilinmiyor,23 Mayıs  2025,2100000
Emlak-ofisinden,430.0,6+1,Bilecik,Merkez,Bilecik,28 Nisan  2025,5895000
Sahibinden,55.0,1+1,Samsun,Atakum,Atakent,05 Mayıs  2025,2737000
